{"mean":{"confidence_interval":{"confidence_level":0.95,"lower_bound":1198612.2350027182,"upper_bound":1205439.0759760204},"point_estimate":1201906.760063394,"standard_error":1739.3175318682465},"median":{"confidence_interval":{"confidence_level":0.95,"lower_bound":1195373.3654639176,"upper_bound":1200415.3936991869},"point_estimate":1197311.2454212455,"standard_error":1334.3338966434558},"median_abs_dev":{"confidence_interval":{"confidence_level":0.95,"lower_bound":7287.947890220793,"upper_bound":13956.345608014617},"point_estimate":9709.21884473214,"standard_error":1748.8974961361278},"slope":{"confidence_interval":{"confidence_level":0.95,"lower_bound":1196825.768887737,"upper_bound":1207055.119347259},"point_estimate":1201324.9443032362,"standard_error":2637.393697856753},"std_dev":{"confidence_interval":{"confidence_level":0.95,"lower_bound":13383.938109766734,"upper_bound":21433.052924914933},"point_estimate":17454.636592066323,"standard_error":2072.407223141486}}