{"mean":{"confidence_interval":{"confidence_level":0.95,"lower_bound":2070881.6576000005,"upper_bound":2133599.962379999},"point_estimate":2098210.1356,"standard_error":16131.372208971527},"median":{"confidence_interval":{"confidence_level":0.95,"lower_bound":2045218.68,"upper_bound":2080724.64},"point_estimate":2060896.68,"standard_error":9593.393346704699},"median_abs_dev":{"confidence_interval":{"confidence_level":0.95,"lower_bound":49916.20556581023,"upper_bound":88265.07718098178},"point_estimate":63176.5204263927,"standard_error":9124.882958967186},"slope":null,"std_dev":{"confidence_interval":{"confidence_level":0.95,"lower_bound":77949.49356050634,"upper_bound":246522.33342737687},"point_estimate":162437.61203256276,"standard_error":49102.04031000518}}