{"mean":{"confidence_interval":{"confidence_level":0.95,"lower_bound":2039435.2185625006,"upper_bound":2069320.9208854162},"point_estimate":2054002.9916666665,"standard_error":7635.591014838342},"median":{"confidence_interval":{"confidence_level":0.95,"lower_bound":2021219.3958333333,"upper_bound":2046106.9166666665},"point_estimate":2033346.4791666665,"standard_error":6813.529780222423},"median_abs_dev":{"confidence_interval":{"confidence_level":0.95,"lower_bound":46192.286317423044,"upper_bound":76709.13577564072},"point_estimate":63847.55011647928,"standard_error":7839.966922289435},"slope":null,"std_dev":{"confidence_interval":{"confidence_level":0.95,"lower_bound":64443.96396041231,"upper_bound":87365.82074357683},"point_estimate":76741.35924796374,"standard_error":5833.044333363984}}