{"mean":{"confidence_interval":{"confidence_level":0.95,"lower_bound":25427227.072625,"upper_bound":25512106.914375},"point_estimate":25469816.755,"standard_error":21697.68978161923},"median":{"confidence_interval":{"confidence_level":0.95,"lower_bound":25445544.5,"upper_bound":25528445.5},"point_estimate":25486645.0,"standard_error":24455.38481162831},"median_abs_dev":{"confidence_interval":{"confidence_level":0.95,"lower_bound":140366.63510799408,"upper_bound":254973.4663233161},"point_estimate":196039.00541961193,"standard_error":29404.098504943166},"slope":null,"std_dev":{"confidence_interval":{"confidence_level":0.95,"lower_bound":186503.4844718547,"upper_bound":245727.7728907107},"point_estimate":217858.51630623493,"standard_error":15138.61950580269}}