{"mean":{"confidence_interval":{"confidence_level":0.95,"lower_bound":34106421.472624995,"upper_bound":34214326.440000005},"point_estimate":34160298.81,"standard_error":27583.062505804923},"median":{"confidence_interval":{"confidence_level":0.95,"lower_bound":34123414.5,"upper_bound":34227331.5},"point_estimate":34189949.25,"standard_error":29341.278810919037},"median_abs_dev":{"confidence_interval":{"confidence_level":0.95,"lower_bound":187973.6615628004,"upper_bound":330643.6732561513},"point_estimate":259065.07160067558,"standard_error":36501.451356388476},"slope":null,"std_dev":{"confidence_interval":{"confidence_level":0.95,"lower_bound":236967.4059181569,"upper_bound":313103.3908446905},"point_estimate":276995.57384683285,"standard_error":19353.123268509706}}