{"mean":{"confidence_interval":{"confidence_level":0.95,"lower_bound":187239879.32549998,"upper_bound":187432968.89049998},"point_estimate":187337557.68,"standard_error":49325.91912241653},"median":{"confidence_interval":{"confidence_level":0.95,"lower_bound":187213873.0,"upper_bound":187474911.0},"point_estimate":187347155.0,"standard_error":67607.47988327444},"median_abs_dev":{"confidence_interval":{"confidence_level":0.95,"lower_bound":383379.5967936516,"upper_bound":578469.7382301092},"point_estimate":449427.2017210722,"standard_error":49958.483829588804},"slope":null,"std_dev":{"confidence_interval":{"confidence_level":0.95,"lower_bound":424858.7404229808,"upper_bound":554081.1785586128},"point_estimate":493463.2942874145,"standard_error":33003.47966065084}}