{"mean":{"confidence_interval":{"confidence_level":0.95,"lower_bound":209101497.35424998,"upper_bound":209326522.6055},"point_estimate":209213476.66,"standard_error":57407.61989063083},"median":{"confidence_interval":{"confidence_level":0.95,"lower_bound":209008893.0,"upper_bound":209325071.0},"point_estimate":209170115.0,"standard_error":86043.58607213349},"median_abs_dev":{"confidence_interval":{"confidence_level":0.95,"lower_bound":438926.6874074936,"upper_bound":740572.0302522182},"point_estimate":520778.80805432796,"standard_error":77061.08803142956},"slope":null,"std_dev":{"confidence_interval":{"confidence_level":0.95,"lower_bound":507916.43432616786,"upper_bound":634302.2095041375},"point_estimate":575802.7149494136,"standard_error":32248.634145242504}}