{"mean":{"confidence_interval":{"confidence_level":0.95,"lower_bound":213217057.74225,"upper_bound":213433007.09675},"point_estimate":213323143.44,"standard_error":55014.68135133365},"median":{"confidence_interval":{"confidence_level":0.95,"lower_bound":213210530.0,"upper_bound":213433295.5},"point_estimate":213345332.0,"standard_error":58277.6964143197},"median_abs_dev":{"confidence_interval":{"confidence_level":0.95,"lower_bound":310757.40228295326,"upper_bound":564071.6353782257},"point_estimate":413482.30665922165,"standard_error":64684.492810553675},"slope":null,"std_dev":{"confidence_interval":{"confidence_level":0.95,"lower_bound":426861.24216055585,"upper_bound":692270.4503854999},"point_estimate":552964.1827769758,"standard_error":69828.53271172711}}