{"mean":{"confidence_interval":{"confidence_level":0.95,"lower_bound":30728807.674875,"upper_bound":32063112.314999998},"point_estimate":31365716.12,"standard_error":340703.4278310389},"median":{"confidence_interval":{"confidence_level":0.95,"lower_bound":31284633.75,"upper_bound":31630214.5},"point_estimate":31576182.0,"standard_error":88244.43751147417},"median_abs_dev":{"confidence_interval":{"confidence_level":0.95,"lower_bound":552800.0022858381,"upper_bound":1047925.244001857},"point_estimate":762268.7689170241,"standard_error":127236.60595247631},"slope":null,"std_dev":{"confidence_interval":{"confidence_level":0.95,"lower_bound":2411419.211215251,"upper_bound":4597605.755294344},"point_estimate":3422845.367308207,"standard_error":604382.5075803632}}