{"mean":{"confidence_interval":{"confidence_level":0.95,"lower_bound":22529568.901666667,"upper_bound":23271839.51816667},"point_estimate":22903757.91666667,"standard_error":188984.82955084238},"median":{"confidence_interval":{"confidence_level":0.95,"lower_bound":23043639.0,"upper_bound":23192307.666666668},"point_estimate":23131807.0,"standard_error":43477.602386422885},"median_abs_dev":{"confidence_interval":{"confidence_level":0.95,"lower_bound":224221.50121927354,"upper_bound":445700.4395872391},"point_estimate":353382.3986262074,"standard_error":56903.1098229946},"slope":null,"std_dev":{"confidence_interval":{"confidence_level":0.95,"lower_bound":1567629.431224847,"upper_bound":2180556.4190421407},"point_estimate":1901026.7596621912,"standard_error":155765.478768114}}