{"mean":{"confidence_interval":{"confidence_level":0.95,"lower_bound":22263332.521500006,"upper_bound":23052432.584416673},"point_estimate":22660439.033333335,"standard_error":200683.96620051598},"median":{"confidence_interval":{"confidence_level":0.95,"lower_bound":22652760.0,"upper_bound":23005060.0},"point_estimate":22763843.5,"standard_error":86669.13266657548},"median_abs_dev":{"confidence_interval":{"confidence_level":0.95,"lower_bound":666670.9264717202,"upper_bound":1590458.6275637168},"point_estimate":1061640.1740521193,"standard_error":242366.42340857087},"slope":null,"std_dev":{"confidence_interval":{"confidence_level":0.95,"lower_bound":1690276.5318681002,"upper_bound":2291041.709580664},"point_estimate":2011734.6035818493,"standard_error":153352.91600191782}}