{"mean":{"confidence_interval":{"confidence_level":0.95,"lower_bound":27735491.95,"upper_bound":29628382.491125},"point_estimate":28604228.26,"standard_error":485126.57616788434},"median":{"confidence_interval":{"confidence_level":0.95,"lower_bound":25664982.0,"upper_bound":29574611.5},"point_estimate":29512761.0,"standard_error":1621617.3202733747},"median_abs_dev":{"confidence_interval":{"confidence_level":0.95,"lower_bound":415911.91736608744,"upper_bound":5715725.3489255905},"point_estimate":5121066.730932891,"standard_error":1883459.0127714083},"slope":null,"std_dev":{"confidence_interval":{"confidence_level":0.95,"lower_bound":2671681.2114367075,"upper_bound":6759477.2694333885},"point_estimate":4901964.000819609,"standard_error":1028670.0644055378}}