{"mean":{"confidence_interval":{"confidence_level":0.95,"lower_bound":852912439.0780001,"upper_bound":863899294.1125},"point_estimate":858338390.76,"standard_error":2799578.0612270953},"median":{"confidence_interval":{"confidence_level":0.95,"lower_bound":846153536.0,"upper_bound":859942029.0},"point_estimate":850825679.0,"standard_error":3761586.6711502564},"median_abs_dev":{"confidence_interval":{"confidence_level":0.95,"lower_bound":17722028.241071105,"upper_bound":32643678.656458855},"point_estimate":26419115.359666944,"standard_error":3785309.331336587},"slope":null,"std_dev":{"confidence_interval":{"confidence_level":0.95,"lower_bound":24085743.420592744,"upper_bound":31523420.276307344},"point_estimate":28082088.377810474,"standard_error":1901375.8236511706}}