{"mean":{"confidence_interval":{"confidence_level":0.95,"lower_bound":885012006.64825,"upper_bound":890146032.5554999},"point_estimate":887564778.4,"standard_error":1311404.7861358852},"median":{"confidence_interval":{"confidence_level":0.95,"lower_bound":884725592.0,"upper_bound":890775201.0},"point_estimate":888356399.0,"standard_error":1395718.3317329932},"median_abs_dev":{"confidence_interval":{"confidence_level":0.95,"lower_bound":9574595.047616959,"upper_bound":16063923.030685853},"point_estimate":12550613.526982069,"standard_error":1706577.1690004375},"slope":null,"std_dev":{"confidence_interval":{"confidence_level":0.95,"lower_bound":11318933.9777405,"upper_bound":14801706.052679634},"point_estimate":13154182.665222451,"standard_error":891533.3891381194}}