{"mean":{"confidence_interval":{"confidence_level":0.95,"lower_bound":330980108.5940001,"upper_bound":536929852.77775},"point_estimate":429873505.22,"standard_error":52437758.86755475},"median":{"confidence_interval":{"confidence_level":0.95,"lower_bound":160495609.5,"upper_bound":177749050.0},"point_estimate":166726849.0,"standard_error":4233304.753218565},"median_abs_dev":{"confidence_interval":{"confidence_level":0.95,"lower_bound":29968558.289551735,"upper_bound":64204232.7641144},"point_estimate":39961372.55074382,"standard_error":8623813.923910173},"slope":null,"std_dev":{"confidence_interval":{"confidence_level":0.95,"lower_bound":426069907.7897396,"upper_bound":597148878.4703684},"point_estimate":524664682.7180447,"standard_error":43780676.33103314}}