{"mean":{"confidence_interval":{"confidence_level":0.95,"lower_bound":498675615.81949997,"upper_bound":774532669.15975},"point_estimate":630880195.5,"standard_error":70121343.4647443},"median":{"confidence_interval":{"confidence_level":0.95,"lower_bound":197291376.0,"upper_bound":246553270.0},"point_estimate":215325949.0,"standard_error":12184295.653412156},"median_abs_dev":{"confidence_interval":{"confidence_level":0.95,"lower_bound":50542398.95551555,"upper_bound":125790053.90608013},"point_estimate":79928017.22699404,"standard_error":19939255.197470546},"slope":null,"std_dev":{"confidence_interval":{"confidence_level":0.95,"lower_bound":607129547.5223794,"upper_bound":777658335.1743802},"point_estimate":706562956.4386089,"standard_error":43652592.4731689}}