{"mean":{"confidence_interval":{"confidence_level":0.95,"lower_bound":440963312.64175,"upper_bound":681341692.2087499},"point_estimate":558287113.06,"standard_error":61430184.62990534},"median":{"confidence_interval":{"confidence_level":0.95,"lower_bound":178276109.0,"upper_bound":210407939.0},"point_estimate":190917878.5,"standard_error":8253684.025151529},"median_abs_dev":{"confidence_interval":{"confidence_level":0.95,"lower_bound":43336385.36982536,"upper_bound":106250816.22067094},"point_estimate":68862390.65964818,"standard_error":17519385.822297722},"slope":null,"std_dev":{"confidence_interval":{"confidence_level":0.95,"lower_bound":531775819.8881475,"upper_bound":679447618.2781612},"point_estimate":618798578.4513773,"standard_error":37897882.019771084}}