{"mean":{"confidence_interval":{"confidence_level":0.95,"lower_bound":56294886.9505,"upper_bound":59884039.8545},"point_estimate":58099749.89,"standard_error":917669.5890581636},"median":{"confidence_interval":{"confidence_level":0.95,"lower_bound":56401915.5,"upper_bound":60160366.5},"point_estimate":58292363.5,"standard_error":1142130.513239772},"median_abs_dev":{"confidence_interval":{"confidence_level":0.95,"lower_bound":6367322.106957436,"upper_bound":11167609.4304353},"point_estimate":8445558.843961358,"standard_error":1227259.0242114917},"slope":null,"std_dev":{"confidence_interval":{"confidence_level":0.95,"lower_bound":7894531.905826342,"upper_bound":10457169.319139995},"point_estimate":9244943.971614432,"standard_error":653268.4003894089}}