{"mean":{"confidence_interval":{"confidence_level":0.95,"lower_bound":9429844.361666664,"upper_bound":9443403.062333334},"point_estimate":9436617.783333337,"standard_error":3463.3153202226754},"median":{"confidence_interval":{"confidence_level":0.95,"lower_bound":9426712.0,"upper_bound":9441187.166666668},"point_estimate":9434120.416666668,"standard_error":3614.260058627615},"median_abs_dev":{"confidence_interval":{"confidence_level":0.95,"lower_bound":24289.991343768725,"upper_bound":40561.958479881745},"point_estimate":33210.73361039254,"standard_error":4107.6597601427675},"slope":null,"std_dev":{"confidence_interval":{"confidence_level":0.95,"lower_bound":29667.984643830798,"upper_bound":39544.40916563825},"point_estimate":34860.82768313699,"standard_error":2525.7468203202634}}