{"mean":{"confidence_interval":{"confidence_level":0.95,"lower_bound":8148542.392285711,"upper_bound":8161656.625964284},"point_estimate":8155090.0242857095,"standard_error":3349.6896237957053},"median":{"confidence_interval":{"confidence_level":0.95,"lower_bound":8142314.0,"upper_bound":8162467.428571428},"point_estimate":8149485.428571429,"standard_error":5778.0654595848255},"median_abs_dev":{"confidence_interval":{"confidence_level":0.95,"lower_bound":28116.873100825618,"upper_bound":42443.76614647193},"point_estimate":38113.30342335351,"standard_error":3657.619778216157},"slope":null,"std_dev":{"confidence_interval":{"confidence_level":0.95,"lower_bound":29074.45765543586,"upper_bound":37841.63842807155},"point_estimate":33646.33409753379,"standard_error":2231.43864517059}}