{"mean":{"confidence_interval":{"confidence_level":0.95,"lower_bound":105761572.5355,"upper_bound":106055041.97025},"point_estimate":105908312.47,"standard_error":74698.27645688188},"median":{"confidence_interval":{"confidence_level":0.95,"lower_bound":105761788.0,"upper_bound":106063203.0},"point_estimate":105888499.0,"standard_error":79416.9398714518},"median_abs_dev":{"confidence_interval":{"confidence_level":0.95,"lower_bound":479535.10068655014,"upper_bound":923000.7679134607},"point_estimate":633127.2688597441,"standard_error":115208.13459570032},"slope":null,"std_dev":{"confidence_interval":{"confidence_level":0.95,"lower_bound":639045.3671043607,"upper_bound":861175.0655184053},"point_estimate":754342.0730241104,"standard_error":56793.5354020779}}