{"mean":{"confidence_interval":{"confidence_level":0.95,"lower_bound":89437930.93175,"upper_bound":89748089.33974999},"point_estimate":89592430.11,"standard_error":79161.40674260362},"median":{"confidence_interval":{"confidence_level":0.95,"lower_bound":89354771.0,"upper_bound":89720642.5},"point_estimate":89564072.5,"standard_error":95397.81229070893},"median_abs_dev":{"confidence_interval":{"confidence_level":0.95,"lower_bound":565986.2464517355,"upper_bound":938325.6625413895},"point_estimate":749607.7357918024,"standard_error":94498.60854971774},"slope":null,"std_dev":{"confidence_interval":{"confidence_level":0.95,"lower_bound":666897.4405265617,"upper_bound":925215.4736668853},"point_estimate":799509.3480462066,"standard_error":66100.32287289886}}