{"mean":{"confidence_interval":{"confidence_level":0.95,"lower_bound":87746598.06775,"upper_bound":88056528.44649999},"point_estimate":87899016.47,"standard_error":78635.43824313933},"median":{"confidence_interval":{"confidence_level":0.95,"lower_bound":87626634.0,"upper_bound":87954427.5},"point_estimate":87759471.5,"standard_error":89132.61436412993},"median_abs_dev":{"confidence_interval":{"confidence_level":0.95,"lower_bound":479720.9816582503,"upper_bound":899801.784825325},"point_estimate":621143.4132725,"standard_error":104847.66647423615},"slope":null,"std_dev":{"confidence_interval":{"confidence_level":0.95,"lower_bound":665120.6817972647,"upper_bound":908022.880551767},"point_estimate":792936.3654896963,"standard_error":62045.48623384096}}