{"mean":{"confidence_interval":{"confidence_level":0.95,"lower_bound":90010982.21425,"upper_bound":90287479.76275},"point_estimate":90149029.3,"standard_error":70534.43023845175},"median":{"confidence_interval":{"confidence_level":0.95,"lower_bound":89968639.0,"upper_bound":90272443.0},"point_estimate":90125691.0,"standard_error":77804.3038979582},"median_abs_dev":{"confidence_interval":{"confidence_level":0.95,"lower_bound":498086.8741571903,"upper_bound":785119.7116613388},"point_estimate":666808.2337617874,"standard_error":73784.67202357647},"slope":null,"std_dev":{"confidence_interval":{"confidence_level":0.95,"lower_bound":601529.796133038,"upper_bound":805399.2315186915},"point_estimate":709218.7699858004,"standard_error":52094.02235769456}}