{"mean":{"confidence_interval":{"confidence_level":0.95,"lower_bound":30660581.012250002,"upper_bound":31006729.116875},"point_estimate":30829088.06,"standard_error":88728.33904060915},"median":{"confidence_interval":{"confidence_level":0.95,"lower_bound":30463977.5,"upper_bound":31023427.25},"point_estimate":30798981.75,"standard_error":138990.3938429301},"median_abs_dev":{"confidence_interval":{"confidence_level":0.95,"lower_bound":680758.7582141161,"upper_bound":1022418.733048439},"point_estimate":896460.3751346469,"standard_error":85674.00796321966},"slope":null,"std_dev":{"confidence_interval":{"confidence_level":0.95,"lower_bound":721792.5040750721,"upper_bound":1047038.3326684928},"point_estimate":891262.4435125414,"standard_error":82935.72424496029}}