{"mean":{"confidence_interval":{"confidence_level":0.95,"lower_bound":878867575.964,"upper_bound":884139342.8095},"point_estimate":881474150.38,"standard_error":1344172.259691846},"median":{"confidence_interval":{"confidence_level":0.95,"lower_bound":877440986.0,"upper_bound":883614965.0},"point_estimate":880209064.5,"standard_error":1632477.2433734352},"median_abs_dev":{"confidence_interval":{"confidence_level":0.95,"lower_bound":8882824.278098345,"upper_bound":15372422.335284948},"point_estimate":11902558.700287342,"standard_error":1671693.3716309466},"slope":null,"std_dev":{"confidence_interval":{"confidence_level":0.95,"lower_bound":11051095.592294354,"upper_bound":15977347.093689995},"point_estimate":13493172.894522939,"standard_error":1267618.4077210678}}