{"mean":{"confidence_interval":{"confidence_level":0.95,"lower_bound":867432605.6445,"upper_bound":871771705.1335001},"point_estimate":869608556.41,"standard_error":1109872.430601815},"median":{"confidence_interval":{"confidence_level":0.95,"lower_bound":866156317.0,"upper_bound":871552306.5},"point_estimate":869695253.5,"standard_error":1511216.994535175},"median_abs_dev":{"confidence_interval":{"confidence_level":0.95,"lower_bound":8123655.996376276,"upper_bound":13498220.265358686},"point_estimate":11047726.39656365,"standard_error":1405299.7450765865},"slope":null,"std_dev":{"confidence_interval":{"confidence_level":0.95,"lower_bound":9422767.086443374,"upper_bound":12852423.46210564},"point_estimate":11185767.330089485,"standard_error":876600.5465905092}}