{"mean":{"confidence_interval":{"confidence_level":0.95,"lower_bound":877105334.96775,"upper_bound":882615902.78675},"point_estimate":879842093.4,"standard_error":1410288.703371961},"median":{"confidence_interval":{"confidence_level":0.95,"lower_bound":877205263.5,"upper_bound":882374308.0},"point_estimate":879281705.0,"standard_error":1590425.9689407337},"median_abs_dev":{"confidence_interval":{"confidence_level":0.95,"lower_bound":9733776.61769092,"upper_bound":16963555.29873669},"point_estimate":12902928.94782722,"standard_error":1816246.335398005},"slope":null,"std_dev":{"confidence_interval":{"confidence_level":0.95,"lower_bound":12060916.472852949,"upper_bound":16056157.652011808},"point_estimate":14157133.381574951,"standard_error":1021091.1594416791}}