{"mean":{"confidence_interval":{"confidence_level":0.95,"lower_bound":11338.979689197186,"upper_bound":11370.485006176199},"point_estimate":11352.34710754249,"standard_error":8.141445857088877},"median":{"confidence_interval":{"confidence_level":0.95,"lower_bound":11331.70162835249,"upper_bound":11345.044444444444},"point_estimate":11335.928034790946,"standard_error":3.575509095597173},"median_abs_dev":{"confidence_interval":{"confidence_level":0.95,"lower_bound":23.178652748578738,"upper_bound":42.78104783848853},"point_estimate":32.299451775883156,"standard_error":5.151487187278407},"slope":{"confidence_interval":{"confidence_level":0.95,"lower_bound":11328.128413731769,"upper_bound":11344.891178429856},"point_estimate":11336.219131586859,"standard_error":4.2860018123816275},"std_dev":{"confidence_interval":{"confidence_level":0.95,"lower_bound":36.40429888225311,"upper_bound":128.18718949865277},"point_estimate":82.06361743023471,"standard_error":28.997620305697488}}