{"mean":{"confidence_interval":{"confidence_level":0.95,"lower_bound":177915.59334617876,"upper_bound":179013.1553212686},"point_estimate":178465.22871617455,"standard_error":280.42468282984504},"median":{"confidence_interval":{"confidence_level":0.95,"lower_bound":177546.33333333334,"upper_bound":178796.0044593088},"point_estimate":178175.48745303275,"standard_error":370.76257641761265},"median_abs_dev":{"confidence_interval":{"confidence_level":0.95,"lower_bound":2029.905703031243,"upper_bound":3444.847148961927},"point_estimate":2839.6766647675727,"standard_error":359.8655411920377},"slope":{"confidence_interval":{"confidence_level":0.95,"lower_bound":177977.359205538,"upper_bound":179217.5345905263},"point_estimate":178594.53891975764,"standard_error":316.48272649767864},"std_dev":{"confidence_interval":{"confidence_level":0.95,"lower_bound":2403.8575555971943,"upper_bound":3218.047868919123},"point_estimate":2825.865853474155,"standard_error":208.17447139016807}}