{"mean":{"confidence_interval":{"confidence_level":0.95,"lower_bound":8333068.687178572,"upper_bound":8362587.875499999},"point_estimate":8347706.657142859,"standard_error":7555.924132743288},"median":{"confidence_interval":{"confidence_level":0.95,"lower_bound":8328861.0,"upper_bound":8362192.571428571},"point_estimate":8347740.357142856,"standard_error":8656.833717273243},"median_abs_dev":{"confidence_interval":{"confidence_level":0.95,"lower_bound":51906.14277848146,"upper_bound":95879.95209779039},"point_estimate":75100.4662667001,"standard_error":11181.520617567114},"slope":null,"std_dev":{"confidence_interval":{"confidence_level":0.95,"lower_bound":64979.24498827688,"upper_bound":86086.62790550849},"point_estimate":76069.67244194,"standard_error":5393.4920959466535}}