{"mean":{"confidence_interval":{"confidence_level":0.95,"lower_bound":5793852.160777778,"upper_bound":5820950.345499999},"point_estimate":5807469.182222223,"standard_error":6916.363143681965},"median":{"confidence_interval":{"confidence_level":0.95,"lower_bound":5797116.666666667,"upper_bound":5834172.666666667},"point_estimate":5821505.888888889,"standard_error":9651.983047815362},"median_abs_dev":{"confidence_interval":{"confidence_level":0.95,"lower_bound":54601.317439800565,"upper_bound":88306.8337855736},"point_estimate":73031.72157009412,"standard_error":8608.524892772466},"slope":null,"std_dev":{"confidence_interval":{"confidence_level":0.95,"lower_bound":59456.052881616946,"upper_bound":79010.5933129055},"point_estimate":69564.81137425543,"standard_error":5015.282081841317}}