{"mean":{"confidence_interval":{"confidence_level":0.95,"lower_bound":6644617.04875,"upper_bound":6679381.146968749},"point_estimate":6662018.78875,"standard_error":8908.558934936362},"median":{"confidence_interval":{"confidence_level":0.95,"lower_bound":6649928.625,"upper_bound":6688241.625},"point_estimate":6671066.4375,"standard_error":9843.552606488951},"median_abs_dev":{"confidence_interval":{"confidence_level":0.95,"lower_bound":56237.61155158281,"upper_bound":105553.24181355536},"point_estimate":75808.20919163525,"standard_error":12633.25841107798},"slope":null,"std_dev":{"confidence_interval":{"confidence_level":0.95,"lower_bound":76215.12358459593,"upper_bound":101490.53341477773},"point_estimate":89611.38268042883,"standard_error":6469.134323455849}}