{"mean":{"confidence_interval":{"confidence_level":0.95,"lower_bound":3062025.8140131594,"upper_bound":5155938.0506710475},"point_estimate":3952124.846315789,"standard_error":540895.263918079},"median":{"confidence_interval":{"confidence_level":0.95,"lower_bound":2156182.657894737,"upper_bound":2835775.2105263155},"point_estimate":2339572.789473684,"standard_error":184636.15499298516},"median_abs_dev":{"confidence_interval":{"confidence_level":0.95,"lower_bound":999847.7285886288,"upper_bound":1799234.0901308935},"point_estimate":1248913.6972852445,"standard_error":214552.3949161861},"slope":null,"std_dev":{"confidence_interval":{"confidence_level":0.95,"lower_bound":2437402.005149472,"upper_bound":8300055.32716753},"point_estimate":5378196.241076814,"standard_error":1788969.108349425}}