{"mean":{"confidence_interval":{"confidence_level":0.95,"lower_bound":271586562.96425,"upper_bound":277110307.746},"point_estimate":274239500.94,"standard_error":1413332.403919016},"median":{"confidence_interval":{"confidence_level":0.95,"lower_bound":266987331.5,"upper_bound":267349794.0},"point_estimate":267130472.0,"standard_error":100050.25545773072},"median_abs_dev":{"confidence_interval":{"confidence_level":0.95,"lower_bound":642807.9053878784,"upper_bound":1550395.9346249679},"point_estimate":848646.8966335058,"standard_error":249400.66692775988},"slope":null,"std_dev":{"confidence_interval":{"confidence_level":0.95,"lower_bound":11668753.954453213,"upper_bound":15975341.457561536},"point_estimate":14138581.592081731,"standard_error":1100856.5378458619}}