{"mean":{"confidence_interval":{"confidence_level":0.95,"lower_bound":232871625.70475,"upper_bound":234456553.30124998},"point_estimate":233549148.44,"standard_error":407567.66203437914},"median":{"confidence_interval":{"confidence_level":0.95,"lower_bound":232614405.0,"upper_bound":233032806.0},"point_estimate":232869015.0,"standard_error":104131.8629472168},"median_abs_dev":{"confidence_interval":{"confidence_level":0.95,"lower_bound":664288.5551065207,"upper_bound":1042059.4761997461},"point_estimate":842038.2072508335,"standard_error":96625.32348741851},"slope":null,"std_dev":{"confidence_interval":{"confidence_level":0.95,"lower_bound":749275.5594392889,"upper_bound":6263232.181527126},"point_estimate":4120532.4934579525,"standard_error":1346541.226495843}}