{"mean":{"confidence_interval":{"confidence_level":0.95,"lower_bound":8954963.149333337,"upper_bound":8989911.31166667},"point_estimate":8972295.215000002,"standard_error":8928.122673405622},"median":{"confidence_interval":{"confidence_level":0.95,"lower_bound":8949916.5,"upper_bound":8992529.833333334},"point_estimate":8970041.916666666,"standard_error":11309.200797683354},"median_abs_dev":{"confidence_interval":{"confidence_level":0.95,"lower_bound":75224.03391450552,"upper_bound":112234.91835743235},"point_estimate":91825.81776976632,"standard_error":9444.828165080133},"slope":null,"std_dev":{"confidence_interval":{"confidence_level":0.95,"lower_bound":77891.29459635705,"upper_bound":100099.32195122159},"point_estimate":89522.71218672859,"standard_error":5685.465665282758}}