{"mean":{"confidence_interval":{"confidence_level":0.95,"lower_bound":9080903.425999999,"upper_bound":9117542.969416667},"point_estimate":9099046.8,"standard_error":9318.744394872885},"median":{"confidence_interval":{"confidence_level":0.95,"lower_bound":9078386.5,"upper_bound":9114479.0},"point_estimate":9088479.333333332,"standard_error":9538.292555454553},"median_abs_dev":{"confidence_interval":{"confidence_level":0.95,"lower_bound":62418.69439184758,"upper_bound":99260.80953776836},"point_estimate":84336.58755272489,"standard_error":9668.781667459527},"slope":null,"std_dev":{"confidence_interval":{"confidence_level":0.95,"lower_bound":77870.61846159243,"upper_bound":108056.37023129968},"point_estimate":93684.54971306921,"standard_error":7714.795018561714}}