{"mean":{"confidence_interval":{"confidence_level":0.95,"lower_bound":303550075.89750004,"upper_bound":334928480.64775},"point_estimate":318941464.58,"standard_error":8005761.415011228},"median":{"confidence_interval":{"confidence_level":0.95,"lower_bound":289092224.0,"upper_bound":325848113.0},"point_estimate":316340472.5,"standard_error":8405834.92493012},"median_abs_dev":{"confidence_interval":{"confidence_level":0.95,"lower_bound":53764178.154695034,"upper_bound":92719635.53399742},"point_estimate":77769099.62332249,"standard_error":10718243.94032521},"slope":null,"std_dev":{"confidence_interval":{"confidence_level":0.95,"lower_bound":65581568.11354167,"upper_bound":92708432.88928221},"point_estimate":79868268.68139662,"standard_error":6915740.967702913}}