{"mean":{"confidence_interval":{"confidence_level":0.95,"lower_bound":281792345.284,"upper_bound":312895003.843},"point_estimate":297096827.32,"standard_error":7949794.88676109},"median":{"confidence_interval":{"confidence_level":0.95,"lower_bound":267343304.0,"upper_bound":300760396.0},"point_estimate":277701003.0,"standard_error":9459938.533822183},"median_abs_dev":{"confidence_interval":{"confidence_level":0.95,"lower_bound":57246490.551566646,"upper_bound":98964732.09912479},"point_estimate":76852960.32808721,"standard_error":11177494.463233061},"slope":null,"std_dev":{"confidence_interval":{"confidence_level":0.95,"lower_bound":68583935.6007499,"upper_bound":89757870.45513941},"point_estimate":79861540.72115974,"standard_error":5396022.309129617}}