{"mean":{"confidence_interval":{"confidence_level":0.95,"lower_bound":29258.67598891274,"upper_bound":30069.583446912482},"point_estimate":29658.964459748007,"standard_error":206.71914303952957},"median":{"confidence_interval":{"confidence_level":0.95,"lower_bound":28789.585714285713,"upper_bound":29706.67619047619},"point_estimate":29197.06775510204,"standard_error":233.7875996206988},"median_abs_dev":{"confidence_interval":{"confidence_level":0.95,"lower_bound":1240.0302767620326,"upper_bound":2449.7626800308863},"point_estimate":1829.0549272896899,"standard_error":333.7259851565421},"slope":{"confidence_interval":{"confidence_level":0.95,"lower_bound":29339.586094443323,"upper_bound":30219.501998598796},"point_estimate":29778.595310772867,"standard_error":224.6172568845148},"std_dev":{"confidence_interval":{"confidence_level":0.95,"lower_bound":1726.559351578753,"upper_bound":2417.7079033809514},"point_estimate":2076.652427615555,"standard_error":177.07932422084758}}