{"mean":{"confidence_interval":{"confidence_level":0.95,"lower_bound":301728709.48225,"upper_bound":304750525.2685},"point_estimate":303073465.7,"standard_error":777863.4034716195},"median":{"confidence_interval":{"confidence_level":0.95,"lower_bound":301065045.0,"upper_bound":301277155.0},"point_estimate":301163387.5,"standard_error":50530.94050589234},"median_abs_dev":{"confidence_interval":{"confidence_level":0.95,"lower_bound":282508.68368446827,"upper_bound":479325.3127902746},"point_estimate":385771.771851182,"standard_error":50825.24739822465},"slope":null,"std_dev":{"confidence_interval":{"confidence_level":0.95,"lower_bound":3793478.119668739,"upper_bound":11062300.002295148},"point_estimate":7878470.287283204,"standard_error":1881741.7363259438}}