{"mean":{"confidence_interval":{"confidence_level":0.95,"lower_bound":477575641.51925,"upper_bound":481099659.2465},"point_estimate":479197375.71,"standard_error":900835.586848987},"median":{"confidence_interval":{"confidence_level":0.95,"lower_bound":475578220.0,"upper_bound":477044840.0},"point_estimate":476241976.5,"standard_error":301625.3562102045},"median_abs_dev":{"confidence_interval":{"confidence_level":0.95,"lower_bound":1875980.5968546912,"upper_bound":3629378.0487656593},"point_estimate":2529090.9411996603,"standard_error":442653.84937691013},"slope":null,"std_dev":{"confidence_interval":{"confidence_level":0.95,"lower_bound":5232577.193913468,"upper_bound":12302324.935182583},"point_estimate":9083751.770118322,"standard_error":1808540.5312719578}}