{"mean":{"confidence_interval":{"confidence_level":0.95,"lower_bound":408514693.4215,"upper_bound":458201034.46899986},"point_estimate":433204235.69,"standard_error":12734931.28490231},"median":{"confidence_interval":{"confidence_level":0.95,"lower_bound":384065605.0,"upper_bound":440470523.5},"point_estimate":410841817.0,"standard_error":14269907.246552357},"median_abs_dev":{"confidence_interval":{"confidence_level":0.95,"lower_bound":91487083.42181464,"upper_bound":172426915.86391032},"point_estimate":132953116.32961035,"standard_error":20579401.132769708},"slope":null,"std_dev":{"confidence_interval":{"confidence_level":0.95,"lower_bound":111901284.76117115,"upper_bound":142595202.45658514},"point_estimate":128225456.17456608,"standard_error":7843824.177755694}}