{"mean":{"confidence_interval":{"confidence_level":0.95,"lower_bound":188005.1375827064,"upper_bound":189125.99798189724},"point_estimate":188563.09176515153,"standard_error":285.6671334878015},"median":{"confidence_interval":{"confidence_level":0.95,"lower_bound":187598.52329749105,"upper_bound":189177.64361702127},"point_estimate":188417.68181818182,"standard_error":477.93032414292264},"median_abs_dev":{"confidence_interval":{"confidence_level":0.95,"lower_bound":2471.8502070704794,"upper_bound":4093.787745149111},"point_estimate":3481.6749151055355,"standard_error":417.18644201325077},"slope":{"confidence_interval":{"confidence_level":0.95,"lower_bound":187504.4078178504,"upper_bound":188918.9656134124},"point_estimate":188195.80285552435,"standard_error":361.5873357761342},"std_dev":{"confidence_interval":{"confidence_level":0.95,"lower_bound":2554.6089243332,"upper_bound":3147.9591559843598},"point_estimate":2870.417989268586,"standard_error":151.21464925858209}}