{"mean":{"confidence_interval":{"confidence_level":0.95,"lower_bound":13642752.0701875,"upper_bound":13963999.704},"point_estimate":13802882.7725,"standard_error":81959.53511428801},"median":{"confidence_interval":{"confidence_level":0.95,"lower_bound":13549123.25,"upper_bound":13894866.0},"point_estimate":13718513.875,"standard_error":87453.82878789949},"median_abs_dev":{"confidence_interval":{"confidence_level":0.95,"lower_bound":607503.493514657,"upper_bound":1027753.8690537214},"point_estimate":840348.59925583,"standard_error":105584.27219572951},"slope":null,"std_dev":{"confidence_interval":{"confidence_level":0.95,"lower_bound":716367.7094519304,"upper_bound":917272.1521264707},"point_estimate":823939.9418086032,"standard_error":51301.68152607234}}