{"mean":{"confidence_interval":{"confidence_level":0.95,"lower_bound":15247130.468124999,"upper_bound":15441357.931},"point_estimate":15344120.9125,"standard_error":49729.95241001113},"median":{"confidence_interval":{"confidence_level":0.95,"lower_bound":15218265.0,"upper_bound":15483038.75},"point_estimate":15336775.25,"standard_error":75558.99850022512},"median_abs_dev":{"confidence_interval":{"confidence_level":0.95,"lower_bound":388086.6663850844,"upper_bound":640764.6972991526},"point_estimate":490210.0058220327,"standard_error":63131.5536997108},"slope":null,"std_dev":{"confidence_interval":{"confidence_level":0.95,"lower_bound":430394.9443607266,"upper_bound":557531.7623272489},"point_estimate":497883.04529096745,"standard_error":32529.881836299286}}