{"mean":{"confidence_interval":{"confidence_level":0.95,"lower_bound":3425.7387276159884,"upper_bound":3428.853520843661},"point_estimate":3427.317723034499,"standard_error":0.7879989481736035},"median":{"confidence_interval":{"confidence_level":0.95,"lower_bound":3427.342124953236,"upper_bound":3430.363267376966},"point_estimate":3428.5067340067344,"standard_error":0.6981485064063606},"median_abs_dev":{"confidence_interval":{"confidence_level":0.95,"lower_bound":5.352378914873788,"upper_bound":10.567682675135657},"point_estimate":7.528284214342335,"standard_error":1.437536576911351},"slope":{"confidence_interval":{"confidence_level":0.95,"lower_bound":3425.9929644344443,"upper_bound":3430.3260357425906},"point_estimate":3428.2143470267424,"standard_error":1.1095884083773422},"std_dev":{"confidence_interval":{"confidence_level":0.95,"lower_bound":6.843316060523889,"upper_bound":8.778680665751624},"point_estimate":7.86824962466587,"standard_error":0.49365409250878617}}