{"mean":{"confidence_interval":{"confidence_level":0.95,"lower_bound":9331443.409791669,"upper_bound":9517260.819125},"point_estimate":9422986.02833333,"standard_error":47352.18044576795},"median":{"confidence_interval":{"confidence_level":0.95,"lower_bound":9351146.75,"upper_bound":9393908.166666666},"point_estimate":9363322.083333332,"standard_error":12027.474836074516},"median_abs_dev":{"confidence_interval":{"confidence_level":0.95,"lower_bound":167437.3044773941,"upper_bound":632930.8243632345},"point_estimate":507821.2549343691,"standard_error":148788.34090221368},"slope":null,"std_dev":{"confidence_interval":{"confidence_level":0.95,"lower_bound":400693.0638670484,"upper_bound":543941.6519019984},"point_estimate":476063.3942270726,"standard_error":36509.58964164015}}