{"mean":{"confidence_interval":{"confidence_level":0.95,"lower_bound":16594192.037500005,"upper_bound":16809286.638916668},"point_estimate":16700593.670000002,"standard_error":55058.08687679537},"median":{"confidence_interval":{"confidence_level":0.95,"lower_bound":16682811.5,"upper_bound":16782217.333333336},"point_estimate":16709787.0,"standard_error":29046.69450997392},"median_abs_dev":{"confidence_interval":{"confidence_level":0.95,"lower_bound":170878.29546630336,"upper_bound":782607.446005939},"point_estimate":367974.14756715344,"standard_error":182695.377038079},"slope":null,"std_dev":{"confidence_interval":{"confidence_level":0.95,"lower_bound":454386.4395804854,"upper_bound":643826.9350830951},"point_estimate":553311.9389533537,"standard_error":48469.46452753042}}