{"mean":{"confidence_interval":{"confidence_level":0.95,"lower_bound":963072933.84425,"upper_bound":967019158.588},"point_estimate":964978112.57,"standard_error":1008311.1085081901},"median":{"confidence_interval":{"confidence_level":0.95,"lower_bound":960780870.0,"upper_bound":965579545.5},"point_estimate":964151952.5,"standard_error":1165535.9238060887},"median_abs_dev":{"confidence_interval":{"confidence_level":0.95,"lower_bound":6362472.522443533,"upper_bound":10025585.651010275},"point_estimate":8095121.135982871,"standard_error":848122.669858323},"slope":null,"std_dev":{"confidence_interval":{"confidence_level":0.95,"lower_bound":7778720.883860405,"upper_bound":12530580.425679578},"point_estimate":10089147.628000144,"standard_error":1235780.7968737418}}