{"mean":{"confidence_interval":{"confidence_level":0.95,"lower_bound":986510572.23325,"upper_bound":989361713.89},"point_estimate":987918482.5,"standard_error":725019.0431922085},"median":{"confidence_interval":{"confidence_level":0.95,"lower_bound":986621613.0,"upper_bound":988372893.0},"point_estimate":987446728.0,"standard_error":487571.82679466205},"median_abs_dev":{"confidence_interval":{"confidence_level":0.95,"lower_bound":3978906.9229602814,"upper_bound":8679349.292510748},"point_estimate":4982550.751242042,"standard_error":1241183.596711944},"slope":null,"std_dev":{"confidence_interval":{"confidence_level":0.95,"lower_bound":6026711.575854848,"upper_bound":8580253.516981095},"point_estimate":7313875.391151142,"standard_error":652186.7466428377}}