{"mean":{"confidence_interval":{"confidence_level":0.95,"lower_bound":137059.41611407432,"upper_bound":147886.93645753272},"point_estimate":142354.88481604902,"standard_error":2763.7745250436387},"median":{"confidence_interval":{"confidence_level":0.95,"lower_bound":136031.20168067227,"upper_bound":147975.71836734694},"point_estimate":142154.9298919568,"standard_error":3062.581740318475},"median_abs_dev":{"confidence_interval":{"confidence_level":0.95,"lower_bound":16509.37478113888,"upper_bound":27715.017871143224},"point_estimate":22109.250237797485,"standard_error":2814.507924780251},"slope":{"confidence_interval":{"confidence_level":0.95,"lower_bound":137050.72510304244,"upper_bound":146282.93338043275},"point_estimate":141781.3407004581,"standard_error":2356.473644339341},"std_dev":{"confidence_interval":{"confidence_level":0.95,"lower_bound":21573.26086958859,"upper_bound":33985.642026708},"point_estimate":27864.15405069651,"standard_error":3193.674488585229}}