{"mean":{"confidence_interval":{"confidence_level":0.95,"lower_bound":872265576.47,"upper_bound":1534596249.5479999},"point_estimate":1150925915.42,"standard_error":172222679.9488574},"median":{"confidence_interval":{"confidence_level":0.95,"lower_bound":652835400.0,"upper_bound":861083207.624988},"point_estimate":741200131.0,"standard_error":49083648.07547302},"median_abs_dev":{"confidence_interval":{"confidence_level":0.95,"lower_bound":289450147.82033265,"upper_bound":519652165.50832987},"point_estimate":368639301.71354413,"standard_error":60768499.62374966},"slope":null,"std_dev":{"confidence_interval":{"confidence_level":0.95,"lower_bound":556600042.4534248,"upper_bound":2724610384.4704185},"point_estimate":1724874120.7882416,"standard_error":607793313.578676}}