{"mean":{"confidence_interval":{"confidence_level":0.95,"lower_bound":34000354.803,"upper_bound":36057945.901875},"point_estimate":35040414.71,"standard_error":522937.60403349274},"median":{"confidence_interval":{"confidence_level":0.95,"lower_bound":34027555.5,"upper_bound":36677975.5},"point_estimate":35631467.5,"standard_error":699214.7956272525},"median_abs_dev":{"confidence_interval":{"confidence_level":0.95,"lower_bound":3801316.650313139,"upper_bound":5893800.431764126},"point_estimate":5041345.84774822,"standard_error":540703.4657083114},"slope":null,"std_dev":{"confidence_interval":{"confidence_level":0.95,"lower_bound":4383202.042676164,"upper_bound":6055635.804590933},"point_estimate":5259127.498004574,"standard_error":426878.8862716713}}