{"mean":{"confidence_interval":{"confidence_level":0.95,"lower_bound":34015348.311375,"upper_bound":35894486.691125},"point_estimate":34945204.795,"standard_error":480635.4336134729},"median":{"confidence_interval":{"confidence_level":0.95,"lower_bound":33783909.5,"upper_bound":35918215.0},"point_estimate":34891800.5,"standard_error":537716.5842060193},"median_abs_dev":{"confidence_interval":{"confidence_level":0.95,"lower_bound":3555585.341575742,"upper_bound":5661993.701979515},"point_estimate":4524589.333422482,"standard_error":532381.2180534},"slope":null,"std_dev":{"confidence_interval":{"confidence_level":0.95,"lower_bound":4103574.387674912,"upper_bound":5559090.98539287},"point_estimate":4854151.626681487,"standard_error":373360.0880157226}}