{"mean":{"confidence_interval":{"confidence_level":0.95,"lower_bound":33302578.25225,"upper_bound":35329257.2895},"point_estimate":34324767.115,"standard_error":515622.32556345884},"median":{"confidence_interval":{"confidence_level":0.95,"lower_bound":33330056.5,"upper_bound":35312015.75},"point_estimate":34192285.75,"standard_error":548026.7214437164},"median_abs_dev":{"confidence_interval":{"confidence_level":0.95,"lower_bound":3453745.5493837595,"upper_bound":5781990.154749155},"point_estimate":4581472.617262602,"standard_error":602677.6423472426},"slope":null,"std_dev":{"confidence_interval":{"confidence_level":0.95,"lower_bound":4363632.755121167,"upper_bound":5903419.8960863985},"point_estimate":5175298.505482562,"standard_error":394504.8491396748}}