{"mean":{"confidence_interval":{"confidence_level":0.95,"lower_bound":35354762.65975,"upper_bound":37240985.853375},"point_estimate":36306823.64,"standard_error":480052.8903826088},"median":{"confidence_interval":{"confidence_level":0.95,"lower_bound":34825470.0,"upper_bound":36625117.5},"point_estimate":35971426.5,"standard_error":542387.7956559524},"median_abs_dev":{"confidence_interval":{"confidence_level":0.95,"lower_bound":2610262.548458576,"upper_bound":4858604.281492531},"point_estimate":3480015.367667377,"standard_error":561186.9883933993},"slope":null,"std_dev":{"confidence_interval":{"confidence_level":0.95,"lower_bound":3965996.236511015,"upper_bound":5671735.027754577},"point_estimate":4846561.363516626,"standard_error":435668.62322782644}}