{"mean":{"confidence_interval":{"confidence_level":0.95,"lower_bound":9448716.667666664,"upper_bound":9644754.64095833},"point_estimate":9542876.948333334,"standard_error":49995.10503204559},"median":{"confidence_interval":{"confidence_level":0.95,"lower_bound":9329417.5,"upper_bound":9558225.75},"point_estimate":9428792.416666666,"standard_error":51810.98505556933},"median_abs_dev":{"confidence_interval":{"confidence_level":0.95,"lower_bound":322428.18217575643,"upper_bound":518786.4407897014},"point_estimate":426964.20596986916,"standard_error":51872.8026227109},"slope":null,"std_dev":{"confidence_interval":{"confidence_level":0.95,"lower_bound":392024.94846874307,"upper_bound":609277.3943307223},"point_estimate":504890.272448028,"standard_error":55710.20028805224}}