{"mean":{"confidence_interval":{"confidence_level":0.95,"lower_bound":16577963.421333332,"upper_bound":19794401.962166667},"point_estimate":18188556.53333333,"standard_error":823328.3248676608},"median":{"confidence_interval":{"confidence_level":0.95,"lower_bound":15441646.333333332,"upper_bound":19368750.333333336},"point_estimate":18182851.333333336,"standard_error":1231442.1476657446},"median_abs_dev":{"confidence_interval":{"confidence_level":0.95,"lower_bound":7176575.5809903145,"upper_bound":11876974.955141542},"point_estimate":10673559.181806449,"standard_error":1208135.291130772},"slope":null,"std_dev":{"confidence_interval":{"confidence_level":0.95,"lower_bound":7403053.867438341,"upper_bound":9024209.781086115},"point_estimate":8274378.766674373,"standard_error":414025.878371661}}