{"mean":{"confidence_interval":{"confidence_level":0.95,"lower_bound":20667.27611279356,"upper_bound":20679.985338126007},"point_estimate":20673.032038883077,"standard_error":3.249810215768243},"median":{"confidence_interval":{"confidence_level":0.95,"lower_bound":20662.89311755952,"upper_bound":20675.79323051359},"point_estimate":20670.179287323037,"standard_error":3.0598728330686455},"median_abs_dev":{"confidence_interval":{"confidence_level":0.95,"lower_bound":17.727198968366263,"upper_bound":26.254828761825582},"point_estimate":21.754961326463015,"standard_error":2.1646272246042715},"slope":{"confidence_interval":{"confidence_level":0.95,"lower_bound":20662.5910562895,"upper_bound":20681.963761827836},"point_estimate":20670.35805816216,"standard_error":5.137862659876389},"std_dev":{"confidence_interval":{"confidence_level":0.95,"lower_bound":18.505113952108733,"upper_bound":47.72243260762003},"point_estimate":32.754614881633586,"standard_error":8.148371762256865}}