{"mean":{"confidence_interval":{"confidence_level":0.95,"lower_bound":8296494.083892859,"upper_bound":8309539.539714287},"point_estimate":8302946.325714287,"standard_error":3328.1954758546726},"median":{"confidence_interval":{"confidence_level":0.95,"lower_bound":8292007.5,"upper_bound":8309300.857142857},"point_estimate":8299707.5,"standard_error":4527.419869436954},"median_abs_dev":{"confidence_interval":{"confidence_level":0.95,"lower_bound":23690.253179413437,"upper_bound":40507.59648084502},"point_estimate":35021.23527824879,"standard_error":4409.441053863441},"slope":null,"std_dev":{"confidence_interval":{"confidence_level":0.95,"lower_bound":28540.16728535922,"upper_bound":37763.8038841788},"point_estimate":33417.85485578432,"standard_error":2363.774932638053}}