{"mean":{"confidence_interval":{"confidence_level":0.95,"lower_bound":9536840.105708333,"upper_bound":9550527.172916664},"point_estimate":9543662.338333337,"standard_error":3494.1839153837045},"median":{"confidence_interval":{"confidence_level":0.95,"lower_bound":9533092.5,"upper_bound":9552434.25},"point_estimate":9545801.833333332,"standard_error":5054.2964179881055},"median_abs_dev":{"confidence_interval":{"confidence_level":0.95,"lower_bound":27983.58030319122,"upper_bound":45935.518534479685},"point_estimate":37855.8428779249,"standard_error":4488.56127260038},"slope":null,"std_dev":{"confidence_interval":{"confidence_level":0.95,"lower_bound":30103.65476587068,"upper_bound":39600.92502693071},"point_estimate":35011.559056920225,"standard_error":2433.515823666623}}