{"mean":{"confidence_interval":{"confidence_level":0.95,"lower_bound":11683157.503050001,"upper_bound":11700898.177199997},"point_estimate":11691924.933999998,"standard_error":4507.862529916093},"median":{"confidence_interval":{"confidence_level":0.95,"lower_bound":11680648.4,"upper_bound":11702330.4},"point_estimate":11689529.2,"standard_error":5822.043191717211},"median_abs_dev":{"confidence_interval":{"confidence_level":0.95,"lower_bound":32116.08062982556,"upper_bound":52815.90424632692},"point_estimate":41383.22002530043,"standard_error":5306.474077732448},"slope":null,"std_dev":{"confidence_interval":{"confidence_level":0.95,"lower_bound":38129.204788185656,"upper_bound":52117.82092170878},"point_estimate":45230.60900389331,"standard_error":3568.3153708088985}}