{"mean":{"confidence_interval":{"confidence_level":0.95,"lower_bound":9654889.079958333,"upper_bound":9848595.809458332},"point_estimate":9750595.073333334,"standard_error":49420.06130364862},"median":{"confidence_interval":{"confidence_level":0.95,"lower_bound":9600567.5,"upper_bound":9825600.0},"point_estimate":9748692.083333332,"standard_error":61436.9641596087},"median_abs_dev":{"confidence_interval":{"confidence_level":0.95,"lower_bound":389242.78548956104,"upper_bound":660767.7508190302},"point_estimate":487588.33664357616,"standard_error":67834.16514565161},"slope":null,"std_dev":{"confidence_interval":{"confidence_level":0.95,"lower_bound":428887.48881568125,"upper_bound":555804.3661933277},"point_estimate":496085.9895600789,"standard_error":32351.249275921928}}