{"mean":{"confidence_interval":{"confidence_level":0.95,"lower_bound":13080872.0021875,"upper_bound":13454224.2204375},"point_estimate":13267895.29,"standard_error":95223.15644278855},"median":{"confidence_interval":{"confidence_level":0.95,"lower_bound":13051350.5,"upper_bound":13461319.0},"point_estimate":13318204.375,"standard_error":105378.19256240746},"median_abs_dev":{"confidence_interval":{"confidence_level":0.95,"lower_bound":781396.5324774384,"upper_bound":1236376.071099937},"point_estimate":958620.9735810757,"standard_error":116380.84586258618},"slope":null,"std_dev":{"confidence_interval":{"confidence_level":0.95,"lower_bound":835026.3183273858,"upper_bound":1064641.0411111934},"point_estimate":957006.0405228527,"standard_error":58698.42939891805}}