{"mean":{"confidence_interval":{"confidence_level":0.95,"lower_bound":9756544.332458336,"upper_bound":9926800.192250002},"point_estimate":9839367.941666668,"standard_error":43212.611556073374},"median":{"confidence_interval":{"confidence_level":0.95,"lower_bound":9690384.5,"upper_bound":9855031.5},"point_estimate":9773118.916666666,"standard_error":48031.07411328867},"median_abs_dev":{"confidence_interval":{"confidence_level":0.95,"lower_bound":304011.5724027157,"upper_bound":493629.9315363178},"point_estimate":414894.97733414127,"standard_error":48593.76889964204},"slope":null,"std_dev":{"confidence_interval":{"confidence_level":0.95,"lower_bound":354738.0612399243,"upper_bound":513005.562250886},"point_estimate":435334.3435470456,"standard_error":40947.0601308851}}