{"mean":{"confidence_interval":{"confidence_level":0.95,"lower_bound":23661.002120463512,"upper_bound":24400.781915651816},"point_estimate":24026.861913608438,"standard_error":189.35692524481607},"median":{"confidence_interval":{"confidence_level":0.95,"lower_bound":23392.294444444444,"upper_bound":24348.987856807566},"point_estimate":23996.175221073318,"standard_error":227.4058245959758},"median_abs_dev":{"confidence_interval":{"confidence_level":0.95,"lower_bound":1697.343898954829,"upper_bound":2538.274517106256},"point_estimate":2158.7079148210623,"standard_error":218.37324414011334},"slope":{"confidence_interval":{"confidence_level":0.95,"lower_bound":23326.65585955664,"upper_bound":24214.1408897266},"point_estimate":23769.735043190885,"standard_error":226.89369113877012},"std_dev":{"confidence_interval":{"confidence_level":0.95,"lower_bound":1674.6402261879905,"upper_bound":2100.4060595064802},"point_estimate":1902.716551230875,"standard_error":108.86213179577064}}