{"mean":{"confidence_interval":{"confidence_level":0.95,"lower_bound":166871526.157,"upper_bound":170178536.57799998},"point_estimate":168528153.0,"standard_error":843420.4013442936},"median":{"confidence_interval":{"confidence_level":0.95,"lower_bound":164733185.0,"upper_bound":173699039.0},"point_estimate":172199850.5,"standard_error":2479036.2947084885},"median_abs_dev":{"confidence_interval":{"confidence_level":0.95,"lower_bound":5402498.676386476,"upper_bound":12410725.030365586},"point_estimate":9013565.13287723,"standard_error":1935455.942331131},"slope":null,"std_dev":{"confidence_interval":{"confidence_level":0.95,"lower_bound":7810162.680005284,"upper_bound":9138744.719256287},"point_estimate":8517148.889212785,"standard_error":336742.4887475816}}