{"mean":{"confidence_interval":{"confidence_level":0.95,"lower_bound":145845.62446330325,"upper_bound":149665.60749239376},"point_estimate":147652.6092636938,"standard_error":975.1628917056689},"median":{"confidence_interval":{"confidence_level":0.95,"lower_bound":142927.7142857143,"upper_bound":145924.3457142857},"point_estimate":144313.85383312806,"standard_error":789.3155344146526},"median_abs_dev":{"confidence_interval":{"confidence_level":0.95,"lower_bound":3373.768320261776,"upper_bound":6475.837835030893},"point_estimate":5236.402740962675,"standard_error":786.8321824460435},"slope":{"confidence_interval":{"confidence_level":0.95,"lower_bound":143532.21232423262,"upper_bound":146715.46896521884},"point_estimate":144987.14014524268,"standard_error":813.5026303194063},"std_dev":{"confidence_interval":{"confidence_level":0.95,"lower_bound":7079.2443940417925,"upper_bound":12080.742331758103},"point_estimate":9769.186206456092,"standard_error":1277.605224683813}}