{"mean":{"confidence_interval":{"confidence_level":0.95,"lower_bound":132407.28745219833,"upper_bound":133145.28488230202},"point_estimate":132788.1340333185,"standard_error":187.4981916788186},"median":{"confidence_interval":{"confidence_level":0.95,"lower_bound":132842.56101190476,"upper_bound":133673.23333333334},"point_estimate":133175.8811498856,"standard_error":209.41150239839916},"median_abs_dev":{"confidence_interval":{"confidence_level":0.95,"lower_bound":1270.630806067011,"upper_bound":2153.0708805387826},"point_estimate":1777.8392182495347,"standard_error":233.88008811297993},"slope":{"confidence_interval":{"confidence_level":0.95,"lower_bound":132991.36178912665,"upper_bound":133738.12194131067},"point_estimate":133368.4023788237,"standard_error":190.35215908220275},"std_dev":{"confidence_interval":{"confidence_level":0.95,"lower_bound":1502.4632981013494,"upper_bound":2243.728288367091},"point_estimate":1880.8431283927025,"standard_error":190.21005715421012}}