{"mean":{"confidence_interval":{"confidence_level":0.95,"lower_bound":160649.91106069591,"upper_bound":160801.74792776033},"point_estimate":160736.82795061433,"standard_error":39.00161952855684},"median":{"confidence_interval":{"confidence_level":0.95,"lower_bound":160734.55555555556,"upper_bound":160766.55194805196},"point_estimate":160749.52919445664,"standard_error":7.0603658577544905},"median_abs_dev":{"confidence_interval":{"confidence_level":0.95,"lower_bound":53.51860161465371,"upper_bound":90.40636572330234},"point_estimate":66.95130147359676,"standard_error":9.546619725464613},"slope":{"confidence_interval":{"confidence_level":0.95,"lower_bound":160745.11530511806,"upper_bound":160862.7307077677},"point_estimate":160789.8608761004,"standard_error":31.85347820494877},"std_dev":{"confidence_interval":{"confidence_level":0.95,"lower_bound":124.35827559200193,"upper_bound":631.4161323122258},"point_estimate":390.0503907255238,"standard_error":147.34960010292434}}