{"mean":{"confidence_interval":{"confidence_level":0.95,"lower_bound":26672239.49225,"upper_bound":27303879.1825},"point_estimate":26978984.06,"standard_error":161113.07156167965},"median":{"confidence_interval":{"confidence_level":0.95,"lower_bound":26312883.25,"upper_bound":26992133.75},"point_estimate":26576608.5,"standard_error":208681.19404559484},"median_abs_dev":{"confidence_interval":{"confidence_level":0.95,"lower_bound":1072291.1722630262,"upper_bound":1811960.2991312742},"point_estimate":1424705.1860064268,"standard_error":188536.91131011565},"slope":null,"std_dev":{"confidence_interval":{"confidence_level":0.95,"lower_bound":1296992.3247280722,"upper_bound":1916057.2287702078},"point_estimate":1616115.7314191286,"standard_error":158526.86252829537}}