{"mean":{"confidence_interval":{"confidence_level":0.95,"lower_bound":40838801.80775,"upper_bound":40974103.3585},"point_estimate":40906268.415,"standard_error":34495.75746175797},"median":{"confidence_interval":{"confidence_level":0.95,"lower_bound":40831446.5,"upper_bound":41001736.75},"point_estimate":40925455.0,"standard_error":44182.23964623132},"median_abs_dev":{"confidence_interval":{"confidence_level":0.95,"lower_bound":276369.8394997046,"upper_bound":442039.4060522318},"point_estimate":356004.1295796633,"standard_error":40896.18274275529},"slope":null,"std_dev":{"confidence_interval":{"confidence_level":0.95,"lower_bound":302985.71001810045,"upper_bound":386858.44611844013},"point_estimate":347826.1740290648,"standard_error":21496.36061430364}}