{"mean":{"confidence_interval":{"confidence_level":0.95,"lower_bound":33202589.688,"upper_bound":33314898.605375},"point_estimate":33258437.675,"standard_error":28658.180553975042},"median":{"confidence_interval":{"confidence_level":0.95,"lower_bound":33161061.25,"upper_bound":33342843.25},"point_estimate":33269661.25,"standard_error":47774.659638739904},"median_abs_dev":{"confidence_interval":{"confidence_level":0.95,"lower_bound":239004.6414618194,"upper_bound":378215.293370335},"point_estimate":293965.10433107615,"standard_error":34788.399736087486},"slope":null,"std_dev":{"confidence_interval":{"confidence_level":0.95,"lower_bound":253069.21936929066,"upper_bound":319760.60232029855},"point_estimate":288504.788598884,"standard_error":17066.931150651708}}