{"mean":{"confidence_interval":{"confidence_level":0.95,"lower_bound":358554084.39525,"upper_bound":394189069.47525},"point_estimate":376331624.05,"standard_error":9089328.314919766},"median":{"confidence_interval":{"confidence_level":0.95,"lower_bound":349925856.0,"upper_bound":389029133.0},"point_estimate":369068364.5,"standard_error":9546881.267407985},"median_abs_dev":{"confidence_interval":{"confidence_level":0.95,"lower_bound":60962833.24459837,"upper_bound":100437219.25838292},"point_estimate":82582270.74057162,"standard_error":10547210.914158003},"slope":null,"std_dev":{"confidence_interval":{"confidence_level":0.95,"lower_bound":77147740.83206128,"upper_bound":104632454.72413205},"point_estimate":91591013.6410359,"standard_error":7026785.426323408}}