{"mean":{"confidence_interval":{"confidence_level":0.95,"lower_bound":868278.9833667729,"upper_bound":870832.2503612583},"point_estimate":869427.0859004069,"standard_error":657.0649017824804},"median":{"confidence_interval":{"confidence_level":0.95,"lower_bound":867296.225,"upper_bound":867741.8772898708},"point_estimate":867483.6534090908,"standard_error":113.97440191190564},"median_abs_dev":{"confidence_interval":{"confidence_level":0.95,"lower_bound":653.7343867473056,"upper_bound":1374.1438482479055},"point_estimate":977.4957528154193,"standard_error":184.5273873105088},"slope":{"confidence_interval":{"confidence_level":0.95,"lower_bound":868744.3533179442,"upper_bound":873404.792790067},"point_estimate":870853.4256539086,"standard_error":1195.6185082810528},"std_dev":{"confidence_interval":{"confidence_level":0.95,"lower_bound":3227.953791699569,"upper_bound":9199.27230707279},"point_estimate":6590.521335832418,"standard_error":1524.5183231824378}}