{"mean":{"confidence_interval":{"confidence_level":0.95,"lower_bound":17893317.68183333,"upper_bound":23504020.546416663},"point_estimate":20623379.35666667,"standard_error":1432952.2730413128},"median":{"confidence_interval":{"confidence_level":0.95,"lower_bound":11490298.333333334,"upper_bound":22104683.666666668},"point_estimate":14419877.833333332,"standard_error":3044543.4779539565},"median_abs_dev":{"confidence_interval":{"confidence_level":0.95,"lower_bound":6691698.178398608,"upper_bound":17096109.867483377},"point_estimate":11378888.575184345,"standard_error":2960534.0730381003},"slope":null,"std_dev":{"confidence_interval":{"confidence_level":0.95,"lower_bound":11935694.097430563,"upper_bound":16593111.333224382},"point_estimate":14385783.59419402,"standard_error":1190612.6204090535}}