{"mean":{"confidence_interval":{"confidence_level":0.95,"lower_bound":14953986.580166668,"upper_bound":19808311.056833334},"point_estimate":17317304.013333336,"standard_error":1238079.8265564549},"median":{"confidence_interval":{"confidence_level":0.95,"lower_bound":9117063.666666666,"upper_bound":19264634.0},"point_estimate":15247160.166666666,"standard_error":2876792.2378017902},"median_abs_dev":{"confidence_interval":{"confidence_level":0.95,"lower_bound":6762851.116335391,"upper_bound":15408050.201052431},"point_estimate":12354619.740861654,"standard_error":2372460.6805815455},"slope":null,"std_dev":{"confidence_interval":{"confidence_level":0.95,"lower_bound":10412706.121966705,"upper_bound":14307945.53670637},"point_estimate":12468995.001390751,"standard_error":998117.5920426084}}