{"mean":{"confidence_interval":{"confidence_level":0.95,"lower_bound":15459903.021666665,"upper_bound":20347711.058499996},"point_estimate":17864698.753333326,"standard_error":1247857.955424237},"median":{"confidence_interval":{"confidence_level":0.95,"lower_bound":9681492.5,"upper_bound":20633695.0},"point_estimate":11423873.666666668,"standard_error":2270547.568865366},"median_abs_dev":{"confidence_interval":{"confidence_level":0.95,"lower_bound":5198505.769208074,"upper_bound":16438993.840707002},"point_estimate":8798508.817595245,"standard_error":2607225.3910042737},"slope":null,"std_dev":{"confidence_interval":{"confidence_level":0.95,"lower_bound":11013661.248245087,"upper_bound":13725194.420497278},"point_estimate":12510329.875581864,"standard_error":692047.5146146216}}