{"mean":{"confidence_interval":{"confidence_level":0.95,"lower_bound":365869.3027645543,"upper_bound":403523.41957223555},"point_estimate":384961.10125934216,"standard_error":9604.821502435816},"median":{"confidence_interval":{"confidence_level":0.95,"lower_bound":361829.64419306186,"upper_bound":440399.06666666665},"point_estimate":428161.44086021505,"standard_error":20660.457833289653},"median_abs_dev":{"confidence_interval":{"confidence_level":0.95,"lower_bound":63517.08793338549,"upper_bound":135973.2834431997},"point_estimate":90330.80494645689,"standard_error":19603.228144094624},"slope":{"confidence_interval":{"confidence_level":0.95,"lower_bound":355719.11741219804,"upper_bound":406017.56307232106},"point_estimate":381125.73940397025,"standard_error":12826.588828535429},"std_dev":{"confidence_interval":{"confidence_level":0.95,"lower_bound":87418.04406719301,"upper_bound":104231.09198742906},"point_estimate":96693.82401633356,"standard_error":4280.129717650461}}