{"mean":{"confidence_interval":{"confidence_level":0.95,"lower_bound":104674905.8495,"upper_bound":106071988.2355},"point_estimate":105361659.34,"standard_error":356606.18547289725},"median":{"confidence_interval":{"confidence_level":0.95,"lower_bound":103730304.5,"upper_bound":105658511.5},"point_estimate":104387755.5,"standard_error":516729.9536152323},"median_abs_dev":{"confidence_interval":{"confidence_level":0.95,"lower_bound":2929825.853285194,"upper_bound":4979397.261098027},"point_estimate":3871655.6408643723,"standard_error":501852.1874645868},"slope":null,"std_dev":{"confidence_interval":{"confidence_level":0.95,"lower_bound":3096711.882711753,"upper_bound":3987357.3949264},"point_estimate":3565327.0633244324,"standard_error":227694.98413417413}}