{"mean":{"confidence_interval":{"confidence_level":0.95,"lower_bound":94962950.47675,"upper_bound":95095050.74475},"point_estimate":95028635.65,"standard_error":33631.901639357115},"median":{"confidence_interval":{"confidence_level":0.95,"lower_bound":94896516.0,"upper_bound":95058730.0},"point_estimate":94989671.0,"standard_error":43057.21109414627},"median_abs_dev":{"confidence_interval":{"confidence_level":0.95,"lower_bound":250442.0477637649,"upper_bound":411083.4599018097},"point_estimate":332943.02828907967,"standard_error":41138.63683585599},"slope":null,"std_dev":{"confidence_interval":{"confidence_level":0.95,"lower_bound":294572.93250551785,"upper_bound":379865.3948088288},"point_estimate":339820.29148132406,"standard_error":21845.986981515987}}