{"mean":{"confidence_interval":{"confidence_level":0.95,"lower_bound":79766891.61425,"upper_bound":79886672.396},"point_estimate":79825484.48,"standard_error":30434.91953942892},"median":{"confidence_interval":{"confidence_level":0.95,"lower_bound":79727299.0,"upper_bound":79852701.0},"point_estimate":79794549.5,"standard_error":23792.013073835824},"median_abs_dev":{"confidence_interval":{"confidence_level":0.95,"lower_bound":189035.20314395428,"upper_bound":360869.28139328957},"point_estimate":249598.6707687378,"standard_error":42803.466042162174},"slope":null,"std_dev":{"confidence_interval":{"confidence_level":0.95,"lower_bound":255744.789223551,"upper_bound":350596.0016403811},"point_estimate":305711.0012548982,"standard_error":24271.68835488}}