{"mean":{"confidence_interval":{"confidence_level":0.95,"lower_bound":469483789.44575,"upper_bound":520306612.67424995},"point_estimate":494573838.01,"standard_error":13003938.709192997},"median":{"confidence_interval":{"confidence_level":0.95,"lower_bound":453603052.5,"upper_bound":512282017.0},"point_estimate":479196666.5,"standard_error":17357000.04969835},"median_abs_dev":{"confidence_interval":{"confidence_level":0.95,"lower_bound":81903306.66962564,"upper_bound":138217543.43564808},"point_estimate":105047882.78652728,"standard_error":14517767.040111635},"slope":null,"std_dev":{"confidence_interval":{"confidence_level":0.95,"lower_bound":106324565.60098436,"upper_bound":153724535.39310402},"point_estimate":130730123.58442628,"standard_error":12161828.630403755}}