{"mean":{"confidence_interval":{"confidence_level":0.95,"lower_bound":378873341.321,"upper_bound":415603178.1055},"point_estimate":397346891.19,"standard_error":9348038.981301734},"median":{"confidence_interval":{"confidence_level":0.95,"lower_bound":373476637.0,"upper_bound":412444632.0},"point_estimate":395283851.0,"standard_error":9384962.421157012},"median_abs_dev":{"confidence_interval":{"confidence_level":0.95,"lower_bound":56760076.8171072,"upper_bound":98438280.86357117},"point_estimate":68792427.50819027,"standard_error":10393960.106386397},"slope":null,"std_dev":{"confidence_interval":{"confidence_level":0.95,"lower_bound":77405433.46123627,"upper_bound":109137321.96032278},"point_estimate":93955355.32795298,"standard_error":8086084.067850889}}