{"mean":{"confidence_interval":{"confidence_level":0.95,"lower_bound":667277199.03725,"upper_bound":732146609.2875},"point_estimate":699400372.97,"standard_error":16462003.727282584},"median":{"confidence_interval":{"confidence_level":0.95,"lower_bound":661041830.0,"upper_bound":719862790.5},"point_estimate":687603829.5,"standard_error":15640853.757366063},"median_abs_dev":{"confidence_interval":{"confidence_level":0.95,"lower_bound":95020460.19414961,"upper_bound":164057968.89098883},"point_estimate":128859539.93558586,"standard_error":17493701.772714786},"slope":null,"std_dev":{"confidence_interval":{"confidence_level":0.95,"lower_bound":131094011.68819407,"upper_bound":198028725.89310646},"point_estimate":165362128.93519822,"standard_error":17180590.21555252}}