{"mean":{"confidence_interval":{"confidence_level":0.95,"lower_bound":407458376.58225,"upper_bound":444896128.02024996},"point_estimate":426176797.92,"standard_error":9552510.305728342},"median":{"confidence_interval":{"confidence_level":0.95,"lower_bound":405366443.0,"upper_bound":457510003.0},"point_estimate":434960001.0,"standard_error":12207467.973892564},"median_abs_dev":{"confidence_interval":{"confidence_level":0.95,"lower_bound":69514054.13467884,"upper_bound":119015707.69794881},"point_estimate":91054868.50155294,"standard_error":12531450.783345286},"slope":null,"std_dev":{"confidence_interval":{"confidence_level":0.95,"lower_bound":82391290.0420269,"upper_bound":108015280.86973567},"point_estimate":95984184.3483673,"standard_error":6542911.114817516}}