{"mean":{"confidence_interval":{"confidence_level":0.95,"lower_bound":379097543.071,"upper_bound":416325182.06475},"point_estimate":397676661.74,"standard_error":9474804.159134038},"median":{"confidence_interval":{"confidence_level":0.95,"lower_bound":377058417.0,"upper_bound":416521165.5},"point_estimate":398914264.5,"standard_error":9604532.98525958},"median_abs_dev":{"confidence_interval":{"confidence_level":0.95,"lower_bound":60784243.06946397,"upper_bound":121085434.31110382},"point_estimate":86391817.30333865,"standard_error":16959405.964761544},"slope":null,"std_dev":{"confidence_interval":{"confidence_level":0.95,"lower_bound":81264987.69117285,"upper_bound":107403667.15496422},"point_estimate":94974279.58640201,"standard_error":6672235.305612173}}