{"mean":{"confidence_interval":{"confidence_level":0.95,"lower_bound":1244462536.803,"upper_bound":1247224010.04475},"point_estimate":1245826140.09,"standard_error":705787.813223611},"median":{"confidence_interval":{"confidence_level":0.95,"lower_bound":1243729406.5,"upper_bound":1246840158.5},"point_estimate":1245282818.5,"standard_error":810436.0618168225},"median_abs_dev":{"confidence_interval":{"confidence_level":0.95,"lower_bound":4017751.0422706604,"upper_bound":8239226.146924496},"point_estimate":6980217.816576362,"standard_error":1131051.332605684},"slope":null,"std_dev":{"confidence_interval":{"confidence_level":0.95,"lower_bound":5981927.418969331,"upper_bound":8145164.639809174},"point_estimate":7128395.903537106,"standard_error":554261.4164098372}}