{"mean":{"confidence_interval":{"confidence_level":0.95,"lower_bound":1119754724.2067502,"upper_bound":1123101084.73925},"point_estimate":1121371501.86,"standard_error":855001.6023279618},"median":{"confidence_interval":{"confidence_level":0.95,"lower_bound":1119410658.0,"upper_bound":1122721387.0},"point_estimate":1120759369.0,"standard_error":835109.4738785397},"median_abs_dev":{"confidence_interval":{"confidence_level":0.95,"lower_bound":5022598.000431061,"upper_bound":8004354.141694307},"point_estimate":6159261.439651251,"standard_error":761901.1304829174},"slope":null,"std_dev":{"confidence_interval":{"confidence_level":0.95,"lower_bound":6632208.872766881,"upper_bound":10426558.222221116},"point_estimate":8582906.391383654,"standard_error":972843.3925852736}}