{"mean":{"confidence_interval":{"confidence_level":0.95,"lower_bound":45071.99169806399,"upper_bound":45939.46912675976},"point_estimate":45498.790498618015,"standard_error":221.6891219456937},"median":{"confidence_interval":{"confidence_level":0.95,"lower_bound":44738.2933251684,"upper_bound":45806.31902879729},"point_estimate":45324.725,"standard_error":253.26493045842489},"median_abs_dev":{"confidence_interval":{"confidence_level":0.95,"lower_bound":1361.0358664722344,"upper_bound":2605.1263709236796},"point_estimate":1843.7645797443022,"standard_error":317.073839634971},"slope":{"confidence_interval":{"confidence_level":0.95,"lower_bound":44531.396741132594,"upper_bound":45747.11532008152},"point_estimate":45132.85719996659,"standard_error":309.5437335694752},"std_dev":{"confidence_interval":{"confidence_level":0.95,"lower_bound":1862.491110477695,"upper_bound":2576.7718934736417},"point_estimate":2241.4786665073884,"standard_error":182.6993256142966}}