{"mean":{"confidence_interval":{"confidence_level":0.95,"lower_bound":11775599.514800001,"upper_bound":11943189.140850004},"point_estimate":11858252.090000005,"standard_error":42848.54139886532},"median":{"confidence_interval":{"confidence_level":0.95,"lower_bound":11835141.7,"upper_bound":11882845.0},"point_estimate":11870823.5,"standard_error":11928.202004298604},"median_abs_dev":{"confidence_interval":{"confidence_level":0.95,"lower_bound":147931.7497336859,"upper_bound":217025.2376990299},"point_estimate":186735.98710477378,"standard_error":25763.3578854132},"slope":null,"std_dev":{"confidence_interval":{"confidence_level":0.95,"lower_bound":342898.1992213013,"upper_bound":513032.062652},"point_estimate":431492.73314910365,"standard_error":43491.22073984223}}