{"mean":{"confidence_interval":{"confidence_level":0.95,"lower_bound":10299113.099250004,"upper_bound":10488167.080850003},"point_estimate":10392635.886000002,"standard_error":48305.58307039161},"median":{"confidence_interval":{"confidence_level":0.95,"lower_bound":10349901.4,"upper_bound":10437599.0},"point_estimate":10416450.0,"standard_error":26878.3303249689},"median_abs_dev":{"confidence_interval":{"confidence_level":0.95,"lower_bound":134381.5272742518,"upper_bound":649116.9613158709},"point_estimate":289017.00104892225,"standard_error":180456.89859909518},"slope":null,"std_dev":{"confidence_interval":{"confidence_level":0.95,"lower_bound":402767.16032280563,"upper_bound":559085.9317043519},"point_estimate":485936.6466653835,"standard_error":39749.09318430844}}