{"mean":{"confidence_interval":{"confidence_level":0.95,"lower_bound":78325957.40825,"upper_bound":78507377.68275},"point_estimate":78415424.86,"standard_error":46493.880826500244},"median":{"confidence_interval":{"confidence_level":0.95,"lower_bound":78279151.0,"upper_bound":78541493.0},"point_estimate":78380802.0,"standard_error":61741.338184284075},"median_abs_dev":{"confidence_interval":{"confidence_level":0.95,"lower_bound":389880.482625738,"upper_bound":594455.8724462986},"point_estimate":477700.3832191229,"standard_error":53055.02855119185},"slope":null,"std_dev":{"confidence_interval":{"confidence_level":0.95,"lower_bound":391477.8836551545,"upper_bound":549983.3616875986},"point_estimate":468065.7131226237,"standard_error":40982.261237788494}}