{"mean":{"confidence_interval":{"confidence_level":0.95,"lower_bound":70395700.01,"upper_bound":70520923.14075},"point_estimate":70456817.73,"standard_error":32042.3746577031},"median":{"confidence_interval":{"confidence_level":0.95,"lower_bound":70322043.0,"upper_bound":70486357.0},"point_estimate":70432057.0,"standard_error":44281.959557685375},"median_abs_dev":{"confidence_interval":{"confidence_level":0.95,"lower_bound":204655.70967413505,"upper_bound":345746.76166176796},"point_estimate":281476.794102788,"standard_error":35623.136202662834},"slope":null,"std_dev":{"confidence_interval":{"confidence_level":0.95,"lower_bound":254411.14519085665,"upper_bound":397189.1909361236},"point_estimate":323098.8863561479,"standard_error":37376.39794474198}}