{"mean":{"confidence_interval":{"confidence_level":0.95,"lower_bound":3376287.1635833336,"upper_bound":3394845.9776999997},"point_estimate":3385606.6686666654,"standard_error":4740.472102221275},"median":{"confidence_interval":{"confidence_level":0.95,"lower_bound":3375740.8666666667,"upper_bound":3404867.8},"point_estimate":3389574.3,"standard_error":8170.673651404388},"median_abs_dev":{"confidence_interval":{"confidence_level":0.95,"lower_bound":36200.44587731366,"upper_bound":58150.783267617684},"point_estimate":46376.073116660555,"standard_error":5693.298301038748},"slope":null,"std_dev":{"confidence_interval":{"confidence_level":0.95,"lower_bound":41302.246617469886,"upper_bound":53258.81795407957},"point_estimate":47653.59403539165,"standard_error":3045.6713895765174}}