{"mean":{"confidence_interval":{"confidence_level":0.95,"lower_bound":3368111.9469333338,"upper_bound":3383563.1782000014},"point_estimate":3375895.609333335,"standard_error":3928.346452193075},"median":{"confidence_interval":{"confidence_level":0.95,"lower_bound":3363256.2666666666,"upper_bound":3387507.066666667},"point_estimate":3375248.3666666667,"standard_error":6810.3582763977565},"median_abs_dev":{"confidence_interval":{"confidence_level":0.95,"lower_bound":32214.1521470849,"upper_bound":48296.73196256154},"point_estimate":41725.1075792312,"standard_error":4312.235949054214},"slope":null,"std_dev":{"confidence_interval":{"confidence_level":0.95,"lower_bound":33331.7154711098,"upper_bound":45674.14052604789},"point_estimate":39496.982668705634,"standard_error":3147.25797832122}}