{"mean":{"confidence_interval":{"confidence_level":0.95,"lower_bound":2949253.5166617637,"upper_bound":2964381.3433088227},"point_estimate":2956708.110588235,"standard_error":3868.964691976579},"median":{"confidence_interval":{"confidence_level":0.95,"lower_bound":2942523.117647059,"upper_bound":2963941.029411765},"point_estimate":2955070.323529412,"standard_error":5013.500908905887},"median_abs_dev":{"confidence_interval":{"confidence_level":0.95,"lower_bound":29373.357890283685,"upper_bound":48983.14086566982},"point_estimate":42538.10435656237,"standard_error":5149.584117949296},"slope":null,"std_dev":{"confidence_interval":{"confidence_level":0.95,"lower_bound":32894.01161037912,"upper_bound":44039.5748373999},"point_estimate":38756.458240904845,"standard_error":2851.1638973510057}}