{"mean":{"confidence_interval":{"confidence_level":0.95,"lower_bound":4021338.9219807703,"upper_bound":4042282.532500001},"point_estimate":4031860.9369230773,"standard_error":5326.917005576899},"median":{"confidence_interval":{"confidence_level":0.95,"lower_bound":4028655.4615384615,"upper_bound":4049418.846153846},"point_estimate":4037067.730769231,"standard_error":5354.148222089939},"median_abs_dev":{"confidence_interval":{"confidence_level":0.95,"lower_bound":38339.99255202171,"upper_bound":64155.94279081213},"point_estimate":54615.10546115712,"standard_error":6714.632009554138},"slope":null,"std_dev":{"confidence_interval":{"confidence_level":0.95,"lower_bound":45600.30096092089,"upper_bound":61171.27123010272},"point_estimate":53801.33485470441,"standard_error":3988.552333646384}}