{"mean":{"confidence_interval":{"confidence_level":0.95,"lower_bound":834722566.27975,"upper_bound":840653174.4847499},"point_estimate":837659868.34,"standard_error":1515554.8327524364},"median":{"confidence_interval":{"confidence_level":0.95,"lower_bound":833862785.0,"upper_bound":840548836.5},"point_estimate":837636185.5,"standard_error":2074861.531067547},"median_abs_dev":{"confidence_interval":{"confidence_level":0.95,"lower_bound":9700260.221385956,"upper_bound":17678408.667245507},"point_estimate":13872359.557816386,"standard_error":1881123.2475859902},"slope":null,"std_dev":{"confidence_interval":{"confidence_level":0.95,"lower_bound":12401833.621137114,"upper_bound":17815381.926353324},"point_estimate":15197520.523452802,"standard_error":1384196.2377365767}}