{"mean":{"confidence_interval":{"confidence_level":0.95,"lower_bound":1072282927.857,"upper_bound":1077986610.6665},"point_estimate":1075118997.06,"standard_error":1458825.001117117},"median":{"confidence_interval":{"confidence_level":0.95,"lower_bound":1070092872.0,"upper_bound":1078402159.0},"point_estimate":1074604338.0,"standard_error":2209476.6836227933},"median_abs_dev":{"confidence_interval":{"confidence_level":0.95,"lower_bound":12497135.812346496,"upper_bound":20100453.481120612},"point_estimate":17011785.017180443,"standard_error":1897124.2040151453},"slope":null,"std_dev":{"confidence_interval":{"confidence_level":0.95,"lower_bound":12665607.84472238,"upper_bound":16418646.920051062},"point_estimate":14620953.175487956,"standard_error":961806.6674034068}}