{"mean":{"confidence_interval":{"confidence_level":0.95,"lower_bound":177053556.9995,"upper_bound":181434305.895},"point_estimate":179257744.58,"standard_error":1118669.9586623968},"median":{"confidence_interval":{"confidence_level":0.95,"lower_bound":177244260.0,"upper_bound":183356091.0},"point_estimate":180674782.5,"standard_error":1665915.962438405},"median_abs_dev":{"confidence_interval":{"confidence_level":0.95,"lower_bound":7606999.557548761,"upper_bound":13548525.253115593},"point_estimate":9533601.899644732,"standard_error":1501592.2816942178},"slope":null,"std_dev":{"confidence_interval":{"confidence_level":0.95,"lower_bound":9709024.980993215,"upper_bound":12646161.673040107},"point_estimate":11261248.7104381,"standard_error":748631.6495638653}}