{"mean":{"confidence_interval":{"confidence_level":0.95,"lower_bound":46840000.45675,"upper_bound":47055819.4705},"point_estimate":46937523.07,"standard_error":55436.976297525594},"median":{"confidence_interval":{"confidence_level":0.95,"lower_bound":46753868.0,"upper_bound":46812422.75},"point_estimate":46781868.5,"standard_error":14541.564299577203},"median_abs_dev":{"confidence_interval":{"confidence_level":0.95,"lower_bound":88030.85603713989,"upper_bound":163446.26889824867},"point_estimate":124311.93064302206,"standard_error":20626.841134201022},"slope":null,"std_dev":{"confidence_interval":{"confidence_level":0.95,"lower_bound":309763.8190602579,"upper_bound":748832.1598747129},"point_estimate":554374.1823146716,"standard_error":119135.13101499455}}