{"mean":{"confidence_interval":{"confidence_level":0.95,"lower_bound":52962546.19625,"upper_bound":53535294.57525},"point_estimate":53240630.11,"standard_error":146353.71836225272},"median":{"confidence_interval":{"confidence_level":0.95,"lower_bound":52536220.0,"upper_bound":53203476.5},"point_estimate":52905400.0,"standard_error":183897.7593922746},"median_abs_dev":{"confidence_interval":{"confidence_level":0.95,"lower_bound":837606.8827220052,"upper_bound":1551105.5625698674},"point_estimate":1233417.172202468,"standard_error":187991.34104294886},"slope":null,"std_dev":{"confidence_interval":{"confidence_level":0.95,"lower_bound":1187099.753444335,"upper_bound":1712183.8058755128},"point_estimate":1461616.3121412029,"standard_error":134597.88988699173}}