{"mean":{"confidence_interval":{"confidence_level":0.95,"lower_bound":49946472.992,"upper_bound":50653526.105875},"point_estimate":50292148.345,"standard_error":180545.61365132107},"median":{"confidence_interval":{"confidence_level":0.95,"lower_bound":49402309.5,"upper_bound":49896796.75},"point_estimate":49574466.75,"standard_error":145855.00130699383},"median_abs_dev":{"confidence_interval":{"confidence_level":0.95,"lower_bound":694987.2701615095,"upper_bound":1601918.136960268},"point_estimate":1023171.5231850743,"standard_error":258816.95484489633},"slope":null,"std_dev":{"confidence_interval":{"confidence_level":0.95,"lower_bound":1466642.9197462697,"upper_bound":2127766.3437092607},"point_estimate":1817608.4722180034,"standard_error":168956.46015360433}}