{"mean":{"confidence_interval":{"confidence_level":0.95,"lower_bound":27567.537571053617,"upper_bound":28170.28831604531},"point_estimate":27865.713294058794,"standard_error":153.69904594373017},"median":{"confidence_interval":{"confidence_level":0.95,"lower_bound":26963.743834156736,"upper_bound":27222.85243416493},"point_estimate":27043.036936936936,"standard_error":133.3005704238312},"median_abs_dev":{"confidence_interval":{"confidence_level":0.95,"lower_bound":316.69941232161347,"upper_bound":1221.2524286302862},"point_estimate":505.36528738933333,"standard_error":333.62789586359594},"slope":{"confidence_interval":{"confidence_level":0.95,"lower_bound":27505.27676370089,"upper_bound":28277.50851263829},"point_estimate":27889.282878835686,"standard_error":197.31220385447747},"std_dev":{"confidence_interval":{"confidence_level":0.95,"lower_bound":1353.796882340696,"upper_bound":1716.3928201421413},"point_estimate":1543.2223928983803,"standard_error":92.69038118135354}}