{"mean":{"confidence_interval":{"confidence_level":0.95,"lower_bound":26723.00002408228,"upper_bound":27389.910008904124},"point_estimate":27054.527287266777,"standard_error":170.62866081710703},"median":{"confidence_interval":{"confidence_level":0.95,"lower_bound":26292.307307307306,"upper_bound":27307.39537264537},"point_estimate":26576.58397172953,"standard_error":248.717968259999},"median_abs_dev":{"confidence_interval":{"confidence_level":0.95,"lower_bound":1195.5016528542255,"upper_bound":2190.053346967638},"point_estimate":1757.3368082602115,"standard_error":259.59972735092464},"slope":{"confidence_interval":{"confidence_level":0.95,"lower_bound":27137.150928774045,"upper_bound":27911.0788919993},"point_estimate":27528.39355465115,"standard_error":197.39604950619997},"std_dev":{"confidence_interval":{"confidence_level":0.95,"lower_bound":1487.177261086703,"upper_bound":1918.0623979405318},"point_estimate":1711.7306227554832,"standard_error":110.3417929262656}}