{"mean":{"confidence_interval":{"confidence_level":0.95,"lower_bound":73943.08873809662,"upper_bound":74366.37455703504},"point_estimate":74160.64576551976,"standard_error":107.57919024665574},"median":{"confidence_interval":{"confidence_level":0.95,"lower_bound":73952.50649350649,"upper_bound":74092.66657620494},"point_estimate":74021.17751305067,"standard_error":42.33428845063377},"median_abs_dev":{"confidence_interval":{"confidence_level":0.95,"lower_bound":272.080099170306,"upper_bound":501.45123403863863},"point_estimate":385.9900841946766,"standard_error":58.03791563622228},"slope":{"confidence_interval":{"confidence_level":0.95,"lower_bound":73986.78145414357,"upper_bound":74197.25538330921},"point_estimate":74090.93509067112,"standard_error":53.7181703360663},"std_dev":{"confidence_interval":{"confidence_level":0.95,"lower_bound":624.7985944512361,"upper_bound":1521.350365745172},"point_estimate":1082.2601792089374,"standard_error":234.75710196231876}}