{"mean":{"confidence_interval":{"confidence_level":0.95,"lower_bound":60429719.387499996,"upper_bound":62335580.177999996},"point_estimate":61252428.38,"standard_error":492430.4965767305},"median":{"confidence_interval":{"confidence_level":0.95,"lower_bound":60026781.0,"upper_bound":61324730.0},"point_estimate":60844095.0,"standard_error":329675.56421277684},"median_abs_dev":{"confidence_interval":{"confidence_level":0.95,"lower_bound":2052564.035859704,"upper_bound":3216627.405193448},"point_estimate":2546452.1868914366,"standard_error":300489.94628997426},"slope":null,"std_dev":{"confidence_interval":{"confidence_level":0.95,"lower_bound":2359734.350222124,"upper_bound":7598982.997145782},"point_estimate":4946326.916200848,"standard_error":1613069.3269173196}}