{"mean":{"confidence_interval":{"confidence_level":0.95,"lower_bound":21918541.298416674,"upper_bound":22006556.650750007},"point_estimate":21961006.91333334,"standard_error":22429.071467775502},"median":{"confidence_interval":{"confidence_level":0.95,"lower_bound":21897160.0,"upper_bound":21978960.666666668},"point_estimate":21941443.666666664,"standard_error":21715.995928074713},"median_abs_dev":{"confidence_interval":{"confidence_level":0.95,"lower_bound":122465.7230257988,"upper_bound":230595.69270610993},"point_estimate":175862.54947781746,"standard_error":27608.07694738277},"slope":null,"std_dev":{"confidence_interval":{"confidence_level":0.95,"lower_bound":172608.0341218696,"upper_bound":277299.46975685493},"point_estimate":225441.31587744434,"standard_error":26961.069176445028}}