{"mean":{"confidence_interval":{"confidence_level":0.95,"lower_bound":22292319.045583323,"upper_bound":22391417.01299999},"point_estimate":22341358.95666666,"standard_error":25315.237804124525},"median":{"confidence_interval":{"confidence_level":0.95,"lower_bound":22258995.833333332,"upper_bound":22346922.333333332},"point_estimate":22295245.0,"standard_error":20379.71901281046},"median_abs_dev":{"confidence_interval":{"confidence_level":0.95,"lower_bound":143062.7431601286,"upper_bound":267220.3598558866},"point_estimate":210358.94436538126,"standard_error":31334.587342740702},"slope":null,"std_dev":{"confidence_interval":{"confidence_level":0.95,"lower_bound":215179.0709574518,"upper_bound":289902.8894421971},"point_estimate":254638.39819219976,"standard_error":19122.450168750336}}