{"mean":{"confidence_interval":{"confidence_level":0.95,"lower_bound":164725.5070525863,"upper_bound":166496.3796710533},"point_estimate":165613.7167443376,"standard_error":451.9784300980595},"median":{"confidence_interval":{"confidence_level":0.95,"lower_bound":163771.08333333334,"upper_bound":166357.1862745098},"point_estimate":165644.16335132613,"standard_error":764.2238392246975},"median_abs_dev":{"confidence_interval":{"confidence_level":0.95,"lower_bound":3443.575913987355,"upper_bound":5974.3776145651245},"point_estimate":4697.695467942028,"standard_error":694.0568745255023},"slope":{"confidence_interval":{"confidence_level":0.95,"lower_bound":164147.3127732972,"upper_bound":166793.55073877628},"point_estimate":165441.07219151765,"standard_error":674.9644374409133},"std_dev":{"confidence_interval":{"confidence_level":0.95,"lower_bound":3961.375305600285,"upper_bound":5058.687590624946},"point_estimate":4541.815523339626,"standard_error":279.5360544693845}}