{"mean":{"confidence_interval":{"confidence_level":0.95,"lower_bound":225321.47399977612,"upper_bound":227680.89874881218},"point_estimate":226506.2350586997,"standard_error":598.8514984276117},"median":{"confidence_interval":{"confidence_level":0.95,"lower_bound":224648.87916666668,"upper_bound":228393.28717948718},"point_estimate":226766.4899259259,"standard_error":1093.3599555958876},"median_abs_dev":{"confidence_interval":{"confidence_level":0.95,"lower_bound":4999.665705021975,"upper_bound":7970.763073593735},"point_estimate":6339.993596959723,"standard_error":747.4675815348106},"slope":{"confidence_interval":{"confidence_level":0.95,"lower_bound":224561.41961144874,"upper_bound":227273.4251458772},"point_estimate":225921.52636441553,"standard_error":689.5364739475792},"std_dev":{"confidence_interval":{"confidence_level":0.95,"lower_bound":5276.253623754713,"upper_bound":6721.579110969975},"point_estimate":6047.307518881167,"standard_error":370.14782233248377}}