{"mean":{"confidence_interval":{"confidence_level":0.95,"lower_bound":25323383.62325,"upper_bound":25393080.752625},"point_estimate":25358486.955,"standard_error":17771.14449634454},"median":{"confidence_interval":{"confidence_level":0.95,"lower_bound":25304902.0,"upper_bound":25408603.0},"point_estimate":25366227.5,"standard_error":30578.665183448615},"median_abs_dev":{"confidence_interval":{"confidence_level":0.95,"lower_bound":152078.8042500615,"upper_bound":234734.49408262968},"point_estimate":196112.39411830902,"standard_error":21803.119879690614},"slope":null,"std_dev":{"confidence_interval":{"confidence_level":0.95,"lower_bound":155650.27624788013,"upper_bound":199659.29886242788},"point_estimate":178708.09948235823,"standard_error":11203.57761710338}}