{"mean":{"confidence_interval":{"confidence_level":0.95,"lower_bound":24862098.983875,"upper_bound":24954796.409874998},"point_estimate":24908705.085,"standard_error":23640.332383762794},"median":{"confidence_interval":{"confidence_level":0.95,"lower_bound":24840585.75,"upper_bound":24975310.5},"point_estimate":24898994.25,"standard_error":33466.423988980314},"median_abs_dev":{"confidence_interval":{"confidence_level":0.95,"lower_bound":176984.6305578947,"upper_bound":278395.210057497},"point_estimate":229802.25462019444,"standard_error":24897.810384692217},"slope":null,"std_dev":{"confidence_interval":{"confidence_level":0.95,"lower_bound":202710.6762409623,"upper_bound":269857.97677242884},"point_estimate":237567.78593825878,"standard_error":17173.271803075884}}