{"mean":{"confidence_interval":{"confidence_level":0.95,"lower_bound":4935757.423954546,"upper_bound":4971705.871022728},"point_estimate":4953437.797272729,"standard_error":9173.625367682282},"median":{"confidence_interval":{"confidence_level":0.95,"lower_bound":4923748.636363637,"upper_bound":4963348.909090909},"point_estimate":4939055.863636363,"standard_error":10126.095089698709},"median_abs_dev":{"confidence_interval":{"confidence_level":0.95,"lower_bound":61448.98415451663,"upper_bound":103054.9564020009},"point_estimate":80376.25976394517,"standard_error":10346.398337511233},"slope":null,"std_dev":{"confidence_interval":{"confidence_level":0.95,"lower_bound":77129.72664136502,"upper_bound":105664.19316363428},"point_estimate":92134.60037248289,"standard_error":7311.5640078613}}