{"mean":{"confidence_interval":{"confidence_level":0.95,"lower_bound":5911363.196416666,"upper_bound":5972370.284194444},"point_estimate":5941379.991111109,"standard_error":15521.757637270543},"median":{"confidence_interval":{"confidence_level":0.95,"lower_bound":5877626.722222222,"upper_bound":5947021.888888889},"point_estimate":5911607.611111111,"standard_error":17644.74091895483},"median_abs_dev":{"confidence_interval":{"confidence_level":0.95,"lower_bound":89829.00270521594,"upper_bound":171856.97618226288},"point_estimate":118445.6531971693,"standard_error":20998.525318135802},"slope":null,"std_dev":{"confidence_interval":{"confidence_level":0.95,"lower_bound":131366.88708584607,"upper_bound":178049.2511620452},"point_estimate":156039.04812231372,"standard_error":11884.208642242042}}