{"mean":{"confidence_interval":{"confidence_level":0.95,"lower_bound":4467770.032125001,"upper_bound":4503578.925979169},"point_estimate":4485579.824166667,"standard_error":9126.601769543813},"median":{"confidence_interval":{"confidence_level":0.95,"lower_bound":4457236.25,"upper_bound":4509045.25},"point_estimate":4479824.166666666,"standard_error":13582.113979887246},"median_abs_dev":{"confidence_interval":{"confidence_level":0.95,"lower_bound":68342.54613667773,"upper_bound":113494.44881007029},"point_estimate":84762.58794516348,"standard_error":11912.646006613611},"slope":null,"std_dev":{"confidence_interval":{"confidence_level":0.95,"lower_bound":78238.67790317317,"upper_bound":104758.3572919101},"point_estimate":91702.66567475355,"standard_error":6764.380170851678}}