{"mean":{"confidence_interval":{"confidence_level":0.95,"lower_bound":4325328.380645833,"upper_bound":4357591.960354168},"point_estimate":4341391.472499999,"standard_error":8264.914603639027},"median":{"confidence_interval":{"confidence_level":0.95,"lower_bound":4309270.875,"upper_bound":4348648.333333334},"point_estimate":4332975.333333334,"standard_error":10449.630006599155},"median_abs_dev":{"confidence_interval":{"confidence_level":0.95,"lower_bound":64870.8529733126,"upper_bound":102890.72855019984},"point_estimate":89451.5574619174,"standard_error":9949.739970686045},"slope":null,"std_dev":{"confidence_interval":{"confidence_level":0.95,"lower_bound":72457.06361440213,"upper_bound":92350.7953409645},"point_estimate":83132.26624066065,"standard_error":5080.269503664552}}