{"mean":{"confidence_interval":{"confidence_level":0.95,"lower_bound":19305.146448663418,"upper_bound":19354.297541879103},"point_estimate":19331.125322151136,"standard_error":12.505747852709494},"median":{"confidence_interval":{"confidence_level":0.95,"lower_bound":19331.233516483517,"upper_bound":19372.114228255406},"point_estimate":19361.120741438048,"standard_error":10.93755360632089},"median_abs_dev":{"confidence_interval":{"confidence_level":0.95,"lower_bound":56.96925646640075,"upper_bound":98.39924111397599},"point_estimate":81.10167269491241,"standard_error":10.780388798350604},"slope":{"confidence_interval":{"confidence_level":0.95,"lower_bound":19321.26692564387,"upper_bound":19355.24793507553},"point_estimate":19338.42245382001,"standard_error":8.690932866791822},"std_dev":{"confidence_interval":{"confidence_level":0.95,"lower_bound":85.01832352500651,"upper_bound":171.6383841145047},"point_estimate":125.63811619197479,"standard_error":23.712672083197198}}