{"mean":{"confidence_interval":{"confidence_level":0.95,"lower_bound":30179978.125125,"upper_bound":30387243.93225},"point_estimate":30279006.9,"standard_error":52672.22523057782},"median":{"confidence_interval":{"confidence_level":0.95,"lower_bound":30032855.0,"upper_bound":30236607.75},"point_estimate":30158156.5,"standard_error":56656.09053952171},"median_abs_dev":{"confidence_interval":{"confidence_level":0.95,"lower_bound":274029.1477262602,"upper_bound":562774.9349087477},"point_estimate":378226.0792851448,"standard_error":75581.99758058197},"slope":null,"std_dev":{"confidence_interval":{"confidence_level":0.95,"lower_bound":400403.28958852193,"upper_bound":675927.0505103754},"point_estimate":530261.7817147519,"standard_error":73853.06339711888}}