{"mean":{"confidence_interval":{"confidence_level":0.95,"lower_bound":41080615.14625,"upper_bound":41833512.607625},"point_estimate":41439029.785,"standard_error":192122.90429268059},"median":{"confidence_interval":{"confidence_level":0.95,"lower_bound":40577815.5,"upper_bound":41268215.0},"point_estimate":41019415.0,"standard_error":179644.53571186974},"median_abs_dev":{"confidence_interval":{"confidence_level":0.95,"lower_bound":960428.6335989833,"upper_bound":1668003.6871807643},"point_estimate":1368625.1007020473,"standard_error":180138.22138018417},"slope":null,"std_dev":{"confidence_interval":{"confidence_level":0.95,"lower_bound":1412728.8537210517,"upper_bound":2401677.203493947},"point_estimate":1930631.6229912112,"standard_error":253390.7760388777}}