{"mean":{"confidence_interval":{"confidence_level":0.95,"lower_bound":217518126.905,"upper_bound":222004481.142},"point_estimate":219728965.94,"standard_error":1138069.559606001},"median":{"confidence_interval":{"confidence_level":0.95,"lower_bound":215926762.0,"upper_bound":221060031.0},"point_estimate":218606657.5,"standard_error":1283408.8742421293},"median_abs_dev":{"confidence_interval":{"confidence_level":0.95,"lower_bound":7912520.583517179,"upper_bound":14780410.009985268},"point_estimate":11345946.933469176,"standard_error":1738265.440670286},"slope":null,"std_dev":{"confidence_interval":{"confidence_level":0.95,"lower_bound":10023452.588037364,"upper_bound":12818187.734073957},"point_estimate":11520585.644100262,"standard_error":710890.6254390265}}