{"mean":{"confidence_interval":{"confidence_level":0.95,"lower_bound":162087101.82050002,"upper_bound":166011254.893},"point_estimate":164023157.92,"standard_error":1005926.8022406959},"median":{"confidence_interval":{"confidence_level":0.95,"lower_bound":159674549.0,"upper_bound":164632714.0},"point_estimate":161793972.0,"standard_error":1404565.2996848768},"median_abs_dev":{"confidence_interval":{"confidence_level":0.95,"lower_bound":6928150.388100743,"upper_bound":13865306.08844161},"point_estimate":8780793.971809745,"standard_error":1832775.5531516157},"slope":null,"std_dev":{"confidence_interval":{"confidence_level":0.95,"lower_bound":8882961.426936112,"upper_bound":11208859.336360665},"point_estimate":10132410.1156713,"standard_error":592166.6057239212}}