{"mean":{"confidence_interval":{"confidence_level":0.95,"lower_bound":6547049.8031875,"upper_bound":6602563.9125},"point_estimate":6574960.03,"standard_error":14201.552237132502},"median":{"confidence_interval":{"confidence_level":0.95,"lower_bound":6512803.125,"upper_bound":6627703.875},"point_estimate":6569790.5625,"standard_error":31755.894387514327},"median_abs_dev":{"confidence_interval":{"confidence_level":0.95,"lower_bound":144782.74445459247,"upper_bound":216368.69192962488},"point_estimate":188722.7451995015,"standard_error":18335.778161481394},"slope":null,"std_dev":{"confidence_interval":{"confidence_level":0.95,"lower_bound":129262.34199596614,"upper_bound":154458.87818262397},"point_estimate":142847.081080726,"standard_error":6409.5014219433115}}