{"mean":{"confidence_interval":{"confidence_level":0.95,"lower_bound":6495219.5516875,"upper_bound":6528589.3683125},"point_estimate":6511080.23125,"standard_error":8497.40182285609},"median":{"confidence_interval":{"confidence_level":0.95,"lower_bound":6488340.625,"upper_bound":6525216.125},"point_estimate":6513257.75,"standard_error":8637.405273299308},"median_abs_dev":{"confidence_interval":{"confidence_level":0.95,"lower_bound":57562.63663024644,"upper_bound":89503.91177348793},"point_estimate":74582.09901340306,"standard_error":7897.443115488265},"slope":null,"std_dev":{"confidence_interval":{"confidence_level":0.95,"lower_bound":61203.73019872295,"upper_bound":114986.0863973207},"point_estimate":85423.8418571639,"standard_error":15305.537477879081}}