{"mean":{"confidence_interval":{"confidence_level":0.95,"lower_bound":8442593.213041661,"upper_bound":8483400.131749999},"point_estimate":8462864.705000002,"standard_error":10421.597464938302},"median":{"confidence_interval":{"confidence_level":0.95,"lower_bound":8445241.333333334,"upper_bound":8481128.0},"point_estimate":8459401.083333332,"standard_error":9575.803437229879},"median_abs_dev":{"confidence_interval":{"confidence_level":0.95,"lower_bound":65573.9142358303,"upper_bound":127193.61388061372},"point_estimate":103544.16441172177,"standard_error":16506.841739983876},"slope":null,"std_dev":{"confidence_interval":{"confidence_level":0.95,"lower_bound":85666.49741948684,"upper_bound":123052.38292602179},"point_estimate":104144.21997465868,"standard_error":9593.470761895891}}