{"mean":{"confidence_interval":{"confidence_level":0.95,"lower_bound":63482.55081793493,"upper_bound":63972.367391964566},"point_estimate":63745.36582902423,"standard_error":124.7792678443956},"median":{"confidence_interval":{"confidence_level":0.95,"lower_bound":63681.8671875,"upper_bound":63983.62234042553},"point_estimate":63795.82094907408,"standard_error":91.5416969430849},"median_abs_dev":{"confidence_interval":{"confidence_level":0.95,"lower_bound":414.65485600087965,"upper_bound":684.1597446235999},"point_estimate":509.86708253264237,"standard_error":69.55832986451641},"slope":{"confidence_interval":{"confidence_level":0.95,"lower_bound":63646.91915948375,"upper_bound":64095.229422947144},"point_estimate":63861.21244366041,"standard_error":114.20512734619763},"std_dev":{"confidence_interval":{"confidence_level":0.95,"lower_bound":709.522566387561,"upper_bound":1817.8097970144631},"point_estimate":1254.9213601444226,"standard_error":302.1347000915162}}