{"mean":{"confidence_interval":{"confidence_level":0.95,"lower_bound":645131.0338522604,"upper_bound":655807.0207810693},"point_estimate":649205.1397715608,"standard_error":2912.8859865174977},"median":{"confidence_interval":{"confidence_level":0.95,"lower_bound":645187.3043981481,"upper_bound":646631.5377659574},"point_estimate":645849.831016178,"standard_error":422.85970268666813},"median_abs_dev":{"confidence_interval":{"confidence_level":0.95,"lower_bound":2295.3834152904574,"upper_bound":4105.19557691579},"point_estimate":3230.2157318855698,"standard_error":466.88164088220816},"slope":{"confidence_interval":{"confidence_level":0.95,"lower_bound":646780.4928259493,"upper_bound":648858.2215810698},"point_estimate":647754.3669484262,"standard_error":531.1831826423276},"std_dev":{"confidence_interval":{"confidence_level":0.95,"lower_bound":3976.7721170298387,"upper_bound":49178.89066244029},"point_estimate":29187.64397174693,"standard_error":14444.835911793476}}