{"mean":{"confidence_interval":{"confidence_level":0.95,"lower_bound":30399789.114749998,"upper_bound":30504036.678},"point_estimate":30452174.93,"standard_error":26547.52083375161},"median":{"confidence_interval":{"confidence_level":0.95,"lower_bound":30363211.5,"upper_bound":30505913.0},"point_estimate":30453187.25,"standard_error":29386.054567260584},"median_abs_dev":{"confidence_interval":{"confidence_level":0.95,"lower_bound":233512.4610543251,"upper_bound":354790.9921512008},"point_estimate":313055.06159216166,"standard_error":30464.48356418748},"slope":null,"std_dev":{"confidence_interval":{"confidence_level":0.95,"lower_bound":234233.15716752718,"upper_bound":297506.0003077125},"point_estimate":267493.7336958769,"standard_error":16155.11203877978}}