{"mean":{"confidence_interval":{"confidence_level":0.95,"lower_bound":29916694.277125,"upper_bound":30448910.051375},"point_estimate":30169919.925,"standard_error":135695.87299585462},"median":{"confidence_interval":{"confidence_level":0.95,"lower_bound":29646276.0,"upper_bound":29765749.75},"point_estimate":29706158.0,"standard_error":33751.58920579546},"median_abs_dev":{"confidence_interval":{"confidence_level":0.95,"lower_bound":245253.54089587927,"upper_bound":428481.0570916903},"point_estimate":347307.1981340647,"standard_error":45297.793684040706},"slope":null,"std_dev":{"confidence_interval":{"confidence_level":0.95,"lower_bound":1032898.3895663715,"upper_bound":1621202.7067807456},"point_estimate":1368153.3297081236,"standard_error":150427.40761110402}}