{"mean":{"confidence_interval":{"confidence_level":0.95,"lower_bound":25163199.13825,"upper_bound":25951273.38825},"point_estimate":25558507.945,"standard_error":200885.82012904488},"median":{"confidence_interval":{"confidence_level":0.95,"lower_bound":25854906.0,"upper_bound":26048182.25},"point_estimate":25943131.5,"standard_error":56165.76593443613},"median_abs_dev":{"confidence_interval":{"confidence_level":0.95,"lower_bound":262718.93923580647,"upper_bound":421357.8777194023},"point_estimate":340963.152846694,"standard_error":40092.40681772955},"slope":null,"std_dev":{"confidence_interval":{"confidence_level":0.95,"lower_bound":1597128.8498416469,"upper_bound":2401630.971978711},"point_estimate":2015890.1685736934,"standard_error":205364.50689391582}}