{"mean":{"confidence_interval":{"confidence_level":0.95,"lower_bound":1160904203.71175,"upper_bound":1164337406.352},"point_estimate":1162611127.64,"standard_error":877324.2467768069},"median":{"confidence_interval":{"confidence_level":0.95,"lower_bound":1160854109.5,"upper_bound":1164098654.0},"point_estimate":1161915020.0,"standard_error":1032435.4140283593},"median_abs_dev":{"confidence_interval":{"confidence_level":0.95,"lower_bound":6149325.054627657,"upper_bound":10623987.463286519},"point_estimate":8412480.555948615,"standard_error":1115970.9889883434},"slope":null,"std_dev":{"confidence_interval":{"confidence_level":0.95,"lower_bound":7388997.373315521,"upper_bound":10037252.324454645},"point_estimate":8760797.981431918,"standard_error":675838.4923723332}}