{"mean":{"confidence_interval":{"confidence_level":0.95,"lower_bound":1544270934.4725,"upper_bound":1548052127.77},"point_estimate":1546154629.38,"standard_error":966225.2968517875},"median":{"confidence_interval":{"confidence_level":0.95,"lower_bound":1543130350.5,"upper_bound":1548342028.5},"point_estimate":1546743491.5,"standard_error":1413826.4372441},"median_abs_dev":{"confidence_interval":{"confidence_level":0.95,"lower_bound":7931845.106626602,"upper_bound":12887616.655299067},"point_estimate":10612483.970090747,"standard_error":1245846.8613755421},"slope":null,"std_dev":{"confidence_interval":{"confidence_level":0.95,"lower_bound":8486228.924564669,"upper_bound":10877206.422202118},"point_estimate":9739298.139185874,"standard_error":610778.0548920707}}