{"mean":{"confidence_interval":{"confidence_level":0.95,"lower_bound":1110706921.2032502,"upper_bound":1112663080.0015},"point_estimate":1111695430.47,"standard_error":499546.0694614929},"median":{"confidence_interval":{"confidence_level":0.95,"lower_bound":1110873174.0,"upper_bound":1112703627.5},"point_estimate":1111939420.0,"standard_error":553076.9683882982},"median_abs_dev":{"confidence_interval":{"confidence_level":0.95,"lower_bound":3771309.975860864,"upper_bound":6131149.694757827},"point_estimate":4964046.420970559,"standard_error":566944.6403038695},"slope":null,"std_dev":{"confidence_interval":{"confidence_level":0.95,"lower_bound":4337554.121284079,"upper_bound":5632967.100737602},"point_estimate":5016416.966974715,"standard_error":331469.7158357028}}