{"mean":{"confidence_interval":{"confidence_level":0.95,"lower_bound":9196901.745958332,"upper_bound":9233771.615625},"point_estimate":9215442.473333336,"standard_error":9423.12327779134},"median":{"confidence_interval":{"confidence_level":0.95,"lower_bound":9199795.5,"upper_bound":9231545.5},"point_estimate":9216770.583333334,"standard_error":8849.772151030851},"median_abs_dev":{"confidence_interval":{"confidence_level":0.95,"lower_bound":63105.38527965546,"upper_bound":128763.56061398798},"point_estimate":95837.7332985392,"standard_error":17334.60196828943},"slope":null,"std_dev":{"confidence_interval":{"confidence_level":0.95,"lower_bound":81358.62639471977,"upper_bound":106992.40904414194},"point_estimate":94858.76727531888,"standard_error":6533.171024851245}}