{"mean":{"confidence_interval":{"confidence_level":0.95,"lower_bound":6235002.25615625,"upper_bound":6259281.424968749},"point_estimate":6247204.51375,"standard_error":6205.977078521254},"median":{"confidence_interval":{"confidence_level":0.95,"lower_bound":6226346.5,"upper_bound":6257295.0},"point_estimate":6243038.625,"standard_error":8967.405144550296},"median_abs_dev":{"confidence_interval":{"confidence_level":0.95,"lower_bound":43440.82786627114,"upper_bound":82507.80048519373},"point_estimate":62687.01409958303,"standard_error":9829.692667887455},"slope":null,"std_dev":{"confidence_interval":{"confidence_level":0.95,"lower_bound":54281.54820615718,"upper_bound":70292.77929806983},"point_estimate":62684.38538759663,"standard_error":4104.329156518177}}