{"mean":{"confidence_interval":{"confidence_level":0.95,"lower_bound":10849872.738749998,"upper_bound":11231369.401000006},"point_estimate":11031118.239999998,"standard_error":97514.61829286131},"median":{"confidence_interval":{"confidence_level":0.95,"lower_bound":10639823.6,"upper_bound":11150163.8},"point_estimate":10922193.7,"standard_error":129031.38973506347},"median_abs_dev":{"confidence_interval":{"confidence_level":0.95,"lower_bound":640424.0328902014,"upper_bound":981081.1771023276},"point_estimate":805659.9482166757,"standard_error":87128.82222677465},"slope":null,"std_dev":{"confidence_interval":{"confidence_level":0.95,"lower_bound":712519.1225370106,"upper_bound":1281782.3585430104},"point_estimate":979418.9538799302,"standard_error":153956.32751600223}}