{"mean":{"confidence_interval":{"confidence_level":0.95,"lower_bound":154705373.96325,"upper_bound":156677849.92575},"point_estimate":155664392.39,"standard_error":502380.10881002696},"median":{"confidence_interval":{"confidence_level":0.95,"lower_bound":153677795.0,"upper_bound":155600355.0},"point_estimate":154658257.5,"standard_error":538123.6952417557},"median_abs_dev":{"confidence_interval":{"confidence_level":0.95,"lower_bound":2606792.5232201815,"upper_bound":4872407.657897472},"point_estimate":3936357.0450156927,"standard_error":583530.3327027735},"slope":null,"std_dev":{"confidence_interval":{"confidence_level":0.95,"lower_bound":4058099.975235301,"upper_bound":5973089.273893879},"point_estimate":5064710.196286475,"standard_error":489939.7951026063}}