{"mean":{"confidence_interval":{"confidence_level":0.95,"lower_bound":152541838.92949998,"upper_bound":154608034.16225},"point_estimate":153565012.44,"standard_error":527500.8668361811},"median":{"confidence_interval":{"confidence_level":0.95,"lower_bound":151202422.0,"upper_bound":153610192.0},"point_estimate":152237195.0,"standard_error":667810.765203373},"median_abs_dev":{"confidence_interval":{"confidence_level":0.95,"lower_bound":3320361.9601517916,"upper_bound":6196021.338451132},"point_estimate":4722955.650150776,"standard_error":769021.9624104974},"slope":null,"std_dev":{"confidence_interval":{"confidence_level":0.95,"lower_bound":4501515.462805455,"upper_bound":5972709.612519767},"point_estimate":5290187.840903274,"standard_error":375056.6708413364}}