{"mean":{"confidence_interval":{"confidence_level":0.95,"lower_bound":167053.44931346414,"upper_bound":167586.40576980324},"point_estimate":167314.18199942764,"standard_error":136.26433788864526},"median":{"confidence_interval":{"confidence_level":0.95,"lower_bound":166667.55357142858,"upper_bound":167507.31355932204},"point_estimate":167126.1601247987,"standard_error":208.29462855438038},"median_abs_dev":{"confidence_interval":{"confidence_level":0.95,"lower_bound":1015.2486013939706,"upper_bound":1617.722459796416},"point_estimate":1296.41919907252,"standard_error":155.53321797831714},"slope":{"confidence_interval":{"confidence_level":0.95,"lower_bound":166838.05109692755,"upper_bound":167480.3332658016},"point_estimate":167151.61800945766,"standard_error":164.60063829100898},"std_dev":{"confidence_interval":{"confidence_level":0.95,"lower_bound":1103.1820510251137,"upper_bound":1668.5104786117793},"point_estimate":1374.1788438430817,"standard_error":147.60951685050676}}