{"mean":{"confidence_interval":{"confidence_level":0.95,"lower_bound":144597.6389725812,"upper_bound":145033.8819678339},"point_estimate":144807.58242382892,"standard_error":110.84397281602551},"median":{"confidence_interval":{"confidence_level":0.95,"lower_bound":144534.4221748401,"upper_bound":144974.6185064935},"point_estimate":144714.17263142264,"standard_error":114.15882476142842},"median_abs_dev":{"confidence_interval":{"confidence_level":0.95,"lower_bound":843.5919275456374,"upper_bound":1298.4108917965516},"point_estimate":1117.3340210831593,"standard_error":114.31645185716859},"slope":{"confidence_interval":{"confidence_level":0.95,"lower_bound":144401.4426990289,"upper_bound":144895.0350600625},"point_estimate":144641.49461166587,"standard_error":125.76562206770568},"std_dev":{"confidence_interval":{"confidence_level":0.95,"lower_bound":864.431819391015,"upper_bound":1420.1620257479826},"point_estimate":1118.6407650087951,"standard_error":150.58394326861068}}