{"mean":{"confidence_interval":{"confidence_level":0.95,"lower_bound":2961655.5950147053,"upper_bound":3023705.9416470597},"point_estimate":2991955.335294119,"standard_error":15879.28698615193},"median":{"confidence_interval":{"confidence_level":0.95,"lower_bound":2930359.882352941,"upper_bound":2993051.352941177},"point_estimate":2962242.529411765,"standard_error":18083.34863893913},"median_abs_dev":{"confidence_interval":{"confidence_level":0.95,"lower_bound":108325.73101801006,"upper_bound":182488.17247783416},"point_estimate":146906.25277424545,"standard_error":19049.99454125728},"slope":null,"std_dev":{"confidence_interval":{"confidence_level":0.95,"lower_bound":129750.99313585309,"upper_bound":187834.84717313002},"point_estimate":159339.1678203534,"standard_error":14870.375030476836}}