{"mean":{"confidence_interval":{"confidence_level":0.95,"lower_bound":86428821.96525,"upper_bound":86848352.88525},"point_estimate":86636691.15,"standard_error":107130.06174387933},"median":{"confidence_interval":{"confidence_level":0.95,"lower_bound":86287134.5,"upper_bound":86676791.0},"point_estimate":86406382.0,"standard_error":120541.05125845729},"median_abs_dev":{"confidence_interval":{"confidence_level":0.95,"lower_bound":641159.2542171478,"upper_bound":1281122.050255537},"point_estimate":851161.3861888647,"standard_error":162826.01855998352},"slope":null,"std_dev":{"confidence_interval":{"confidence_level":0.95,"lower_bound":923342.6575251959,"upper_bound":1214679.8241592073},"point_estimate":1076204.0341542705,"standard_error":74152.74643134515}}