{"mean":{"confidence_interval":{"confidence_level":0.95,"lower_bound":79832567.80775,"upper_bound":82044914.85575},"point_estimate":80919568.81,"standard_error":565221.7197024459},"median":{"confidence_interval":{"confidence_level":0.95,"lower_bound":78686100.0,"upper_bound":80915939.51249997},"point_estimate":79424049.0,"standard_error":619634.989359582},"median_abs_dev":{"confidence_interval":{"confidence_level":0.95,"lower_bound":3786257.1410804987,"upper_bound":6501786.511570215},"point_estimate":5026672.926458716,"standard_error":674949.4588817023},"slope":null,"std_dev":{"confidence_interval":{"confidence_level":0.95,"lower_bound":4805289.271332107,"upper_bound":6429612.53630034},"point_estimate":5664927.813638029,"standard_error":414320.4020263741}}