{"mean":{"confidence_interval":{"confidence_level":0.95,"lower_bound":14909746.178125,"upper_bound":19437485.572125003},"point_estimate":17103896.7275,"standard_error":1156033.0549838466},"median":{"confidence_interval":{"confidence_level":0.95,"lower_bound":9508679.0,"upper_bound":19575765.25},"point_estimate":12603195.25,"standard_error":2798751.3308329117},"median_abs_dev":{"confidence_interval":{"confidence_level":0.95,"lower_bound":5736256.949336082,"upper_bound":16505526.051968336},"point_estimate":10263307.213389874,"standard_error":2666315.910193553},"slope":null,"std_dev":{"confidence_interval":{"confidence_level":0.95,"lower_bound":9881136.21635998,"upper_bound":13154668.54541976},"point_estimate":11616336.249732886,"standard_error":833957.2892110298}}