{"mean":{"confidence_interval":{"confidence_level":0.95,"lower_bound":25170408.8225,"upper_bound":28250878.7355},"point_estimate":26716526.37,"standard_error":787861.8214176658},"median":{"confidence_interval":{"confidence_level":0.95,"lower_bound":25133688.5,"upper_bound":29436898.5},"point_estimate":26963109.25,"standard_error":898590.7628126615},"median_abs_dev":{"confidence_interval":{"confidence_level":0.95,"lower_bound":6219663.174151406,"upper_bound":10387732.562930882},"point_estimate":8541023.085616529,"standard_error":1103509.5233201266},"slope":null,"std_dev":{"confidence_interval":{"confidence_level":0.95,"lower_bound":6937296.595663032,"upper_bound":8809927.651423682},"point_estimate":7943612.162929399,"standard_error":476660.25358953065}}