{"mean":{"confidence_interval":{"confidence_level":0.95,"lower_bound":34141095.742125005,"upper_bound":38897734.889375},"point_estimate":36519133.33,"standard_error":1210771.801474237},"median":{"confidence_interval":{"confidence_level":0.95,"lower_bound":34715665.25,"upper_bound":40797985.5},"point_estimate":37888225.0,"standard_error":1467308.767594382},"median_abs_dev":{"confidence_interval":{"confidence_level":0.95,"lower_bound":9371762.027817965,"upper_bound":16027231.887459755},"point_estimate":11278779.965561628,"standard_error":1797307.3499469322},"slope":null,"std_dev":{"confidence_interval":{"confidence_level":0.95,"lower_bound":10715542.475526182,"upper_bound":13448684.882629301},"point_estimate":12169697.432208544,"standard_error":695467.5079969462}}