{"mean":{"confidence_interval":{"confidence_level":0.95,"lower_bound":20153594.184050005,"upper_bound":23293580.0865},"point_estimate":21707981.68000001,"standard_error":801181.9326312469},"median":{"confidence_interval":{"confidence_level":0.95,"lower_bound":19286025.4,"upper_bound":23381642.0},"point_estimate":21181362.1,"standard_error":1079968.7437403903},"median_abs_dev":{"confidence_interval":{"confidence_level":0.95,"lower_bound":7241860.314101282,"upper_bound":10967047.012496},"point_estimate":9740312.066634893,"standard_error":915821.8247115006},"slope":null,"std_dev":{"confidence_interval":{"confidence_level":0.95,"lower_bound":7065485.567072506,"upper_bound":8911535.827851314},"point_estimate":8042586.309797161,"standard_error":471225.3706537867}}