{"mean":{"confidence_interval":{"confidence_level":0.95,"lower_bound":2264064.502527778,"upper_bound":2804458.0221527773},"point_estimate":2530115.556666667,"standard_error":137773.7076306635},"median":{"confidence_interval":{"confidence_level":0.95,"lower_bound":2027912.3055555555,"upper_bound":2736117.4444444445},"point_estimate":2272172.611111111,"standard_error":141465.4354231691},"median_abs_dev":{"confidence_interval":{"confidence_level":0.95,"lower_bound":1172231.7641845597,"upper_bound":1752211.8022978543},"point_estimate":1542016.7737737298,"standard_error":145237.5472994187},"slope":null,"std_dev":{"confidence_interval":{"confidence_level":0.95,"lower_bound":1163432.488850391,"upper_bound":1592229.070846368},"point_estimate":1383450.0087575316,"standard_error":109681.94754740848}}