{"mean":{"confidence_interval":{"confidence_level":0.95,"lower_bound":108191076.11600001,"upper_bound":109220322.786},"point_estimate":108701183.91,"standard_error":263262.72313953785},"median":{"confidence_interval":{"confidence_level":0.95,"lower_bound":107864848.0,"upper_bound":109173115.5},"point_estimate":108476871.0,"standard_error":386649.8226760758},"median_abs_dev":{"confidence_interval":{"confidence_level":0.95,"lower_bound":1991714.4264400005,"upper_bound":3194161.9384422884},"point_estimate":2718438.9729380608,"standard_error":302759.21299553214},"slope":null,"std_dev":{"confidence_interval":{"confidence_level":0.95,"lower_bound":2244538.545545606,"upper_bound":2997099.6004606737},"point_estimate":2636025.3049711115,"standard_error":192435.98179699783}}