{"mean":{"confidence_interval":{"confidence_level":0.95,"lower_bound":111662942.374,"upper_bound":112839932.7465},"point_estimate":112242661.03,"standard_error":300954.33125006093},"median":{"confidence_interval":{"confidence_level":0.95,"lower_bound":111478366.5,"upper_bound":112443150.0},"point_estimate":112033244.5,"standard_error":264607.17238126876},"median_abs_dev":{"confidence_interval":{"confidence_level":0.95,"lower_bound":1977348.5701375466,"upper_bound":3480726.329952253},"point_estimate":2703484.7283035517,"standard_error":372171.3756278472},"slope":null,"std_dev":{"confidence_interval":{"confidence_level":0.95,"lower_bound":2519057.763132033,"upper_bound":3524501.353143436},"point_estimate":3041572.242918151,"standard_error":257848.56930495353}}