{"mean":{"confidence_interval":{"confidence_level":0.95,"lower_bound":119041005.84375,"upper_bound":119876548.24225},"point_estimate":119448341.64,"standard_error":212837.81485240022},"median":{"confidence_interval":{"confidence_level":0.95,"lower_bound":118818290.0,"upper_bound":119654597.0},"point_estimate":119235306.0,"standard_error":227719.83443614093},"median_abs_dev":{"confidence_interval":{"confidence_level":0.95,"lower_bound":1272264.9980127811,"upper_bound":2287497.809911292},"point_estimate":1891441.0011202097,"standard_error":264490.76167215925},"slope":null,"std_dev":{"confidence_interval":{"confidence_level":0.95,"lower_bound":1692418.7223562214,"upper_bound":2589455.181659295},"point_estimate":2144029.79855457,"standard_error":230907.6733507399}}