{"mean":{"confidence_interval":{"confidence_level":0.95,"lower_bound":118424048.14,"upper_bound":119214415.167},"point_estimate":118799344.35,"standard_error":201406.90215884167},"median":{"confidence_interval":{"confidence_level":0.95,"lower_bound":118314337.0,"upper_bound":118995146.5},"point_estimate":118570891.0,"standard_error":172320.86307150524},"median_abs_dev":{"confidence_interval":{"confidence_level":0.95,"lower_bound":997512.5360906124,"upper_bound":1683664.2517089844},"point_estimate":1362967.4992024899,"standard_error":183916.45252369205},"slope":null,"std_dev":{"confidence_interval":{"confidence_level":0.95,"lower_bound":1420395.408348589,"upper_bound":2683282.6442505945},"point_estimate":2029484.7180085466,"standard_error":337467.91887056397}}