{"mean":{"confidence_interval":{"confidence_level":0.95,"lower_bound":145714349.79325,"upper_bound":146641335.7855},"point_estimate":146173055.1,"standard_error":236629.48185147217},"median":{"confidence_interval":{"confidence_level":0.95,"lower_bound":145553614.0,"upper_bound":146525652.0},"point_estimate":146022149.5,"standard_error":243809.0409058787},"median_abs_dev":{"confidence_interval":{"confidence_level":0.95,"lower_bound":1399340.1243567467,"upper_bound":2614889.594716423},"point_estimate":1969472.4616348743,"standard_error":315433.6632761375},"slope":null,"std_dev":{"confidence_interval":{"confidence_level":0.95,"lower_bound":1957553.024833919,"upper_bound":2776639.587770025},"point_estimate":2377530.0758467917,"standard_error":209240.34388317863}}