{"mean":{"confidence_interval":{"confidence_level":0.95,"lower_bound":111033851.1435,"upper_bound":111627394.57775},"point_estimate":111330085.18,"standard_error":151181.74702370443},"median":{"confidence_interval":{"confidence_level":0.95,"lower_bound":110811365.0,"upper_bound":111840103.0},"point_estimate":111410601.0,"standard_error":220398.70564921535},"median_abs_dev":{"confidence_interval":{"confidence_level":0.95,"lower_bound":1320631.8569540977,"upper_bound":2030580.6179574875},"point_estimate":1627656.8138033152,"standard_error":187382.6036006309},"slope":null,"std_dev":{"confidence_interval":{"confidence_level":0.95,"lower_bound":1341676.1543484803,"upper_bound":1672671.624584388},"point_estimate":1518518.2676758685,"standard_error":84616.25735745124}}