{"mean":{"confidence_interval":{"confidence_level":0.95,"lower_bound":259437887.89075,"upper_bound":259750936.46275002},"point_estimate":259588701.34,"standard_error":79618.08108206774},"median":{"confidence_interval":{"confidence_level":0.95,"lower_bound":259378016.5,"upper_bound":259602084.0},"point_estimate":259507665.5,"standard_error":53083.15025013777},"median_abs_dev":{"confidence_interval":{"confidence_level":0.95,"lower_bound":440000.8310884237,"upper_bound":813649.3829548359},"point_estimate":657444.1323280334,"standard_error":97972.59371894639},"slope":null,"std_dev":{"confidence_interval":{"confidence_level":0.95,"lower_bound":631895.5530074236,"upper_bound":976977.0958363082},"point_estimate":802321.1248361644,"standard_error":88979.04982313378}}