{"mean":{"confidence_interval":{"confidence_level":0.95,"lower_bound":218486040.44875,"upper_bound":222202680.70475},"point_estimate":220302537.64,"standard_error":950954.7355774824},"median":{"confidence_interval":{"confidence_level":0.95,"lower_bound":216319541.0,"upper_bound":220699756.0},"point_estimate":218950338.5,"standard_error":1062799.0195170005},"median_abs_dev":{"confidence_interval":{"confidence_level":0.95,"lower_bound":6991186.313571639,"upper_bound":11334578.356871009},"point_estimate":9112711.782217026,"standard_error":1105911.7639045615},"slope":null,"std_dev":{"confidence_interval":{"confidence_level":0.95,"lower_bound":7817584.63704083,"upper_bound":11059095.517834723},"point_estimate":9547333.345666021,"standard_error":826505.2395663309}}