{"mean":{"confidence_interval":{"confidence_level":0.95,"lower_bound":211694852.23225,"upper_bound":211987656.058},"point_estimate":211837572.09,"standard_error":74626.75083499185},"median":{"confidence_interval":{"confidence_level":0.95,"lower_bound":211700467.0,"upper_bound":211855718.0},"point_estimate":211781110.0,"standard_error":37460.10513017923},"median_abs_dev":{"confidence_interval":{"confidence_level":0.95,"lower_bound":349494.77439522743,"upper_bound":785438.4706556797},"point_estimate":536334.2469781637,"standard_error":119202.54987168101},"slope":null,"std_dev":{"confidence_interval":{"confidence_level":0.95,"lower_bound":583945.7168985254,"upper_bound":914335.0139969469},"point_estimate":749277.652111188,"standard_error":85001.92869464125}}