{"mean":{"confidence_interval":{"confidence_level":0.95,"lower_bound":1035225928.17225,"upper_bound":1757857861.9329998},"point_estimate":1354241977.44,"standard_error":186601124.081153},"median":{"confidence_interval":{"confidence_level":0.95,"lower_bound":758731758.0,"upper_bound":945554680.0},"point_estimate":834479781.0,"standard_error":43931544.22161276},"median_abs_dev":{"confidence_interval":{"confidence_level":0.95,"lower_bound":411409697.9458478,"upper_bound":722572738.7661695},"point_estimate":555017195.7053751,"standard_error":74785463.73131734},"slope":null,"std_dev":{"confidence_interval":{"confidence_level":0.95,"lower_bound":888759914.733823,"upper_bound":2679841403.4444065},"point_estimate":1864463956.2092533,"standard_error":463550546.98419684}}