{"mean":{"confidence_interval":{"confidence_level":0.95,"lower_bound":3325771.508983335,"upper_bound":3342616.2769500017},"point_estimate":3334061.783333333,"standard_error":4305.360829651644},"median":{"confidence_interval":{"confidence_level":0.95,"lower_bound":3322139.933333333,"upper_bound":3337433.3333333335},"point_estimate":3330159.9333333336,"standard_error":3819.973812265204},"median_abs_dev":{"confidence_interval":{"confidence_level":0.95,"lower_bound":31166.396274685514,"upper_bound":53729.521886110626},"point_estimate":41784.60925817547,"standard_error":5733.698999123457},"slope":null,"std_dev":{"confidence_interval":{"confidence_level":0.95,"lower_bound":36695.14926432995,"upper_bound":49206.81967568294},"point_estimate":43272.468937827594,"standard_error":3205.6280944505206}}