{"mean":{"confidence_interval":{"confidence_level":0.95,"lower_bound":1483702.8419003147,"upper_bound":1553464.3765336215},"point_estimate":1515261.1457279497,"standard_error":17854.46685681766},"median":{"confidence_interval":{"confidence_level":0.95,"lower_bound":1478892.4204545454,"upper_bound":1488139.7539156626},"point_estimate":1484458.9985949418,"standard_error":2677.3254455168},"median_abs_dev":{"confidence_interval":{"confidence_level":0.95,"lower_bound":17466.400278538564,"upper_bound":32344.512888351415},"point_estimate":23497.298652200312,"standard_error":3951.027304109371},"slope":{"confidence_interval":{"confidence_level":0.95,"lower_bound":1514900.0735704913,"upper_bound":1662589.9246494952},"point_estimate":1578940.3973341214,"standard_error":38454.94569011488},"std_dev":{"confidence_interval":{"confidence_level":0.95,"lower_bound":100387.79880004928,"upper_bound":260041.12753800506},"point_estimate":179525.2091285927,"standard_error":43997.474275544}}