{"mean":{"confidence_interval":{"confidence_level":0.95,"lower_bound":37083429.187125005,"upper_bound":37307061.894875005},"point_estimate":37193379.99,"standard_error":56777.30463248354},"median":{"confidence_interval":{"confidence_level":0.95,"lower_bound":37028966.0,"upper_bound":37263636.5},"point_estimate":37163827.5,"standard_error":65970.75355912067},"median_abs_dev":{"confidence_interval":{"confidence_level":0.95,"lower_bound":418130.99887669086,"upper_bound":718312.4781049036},"point_estimate":542271.689222753,"standard_error":76366.40262612412},"slope":null,"std_dev":{"confidence_interval":{"confidence_level":0.95,"lower_bound":486897.1072779641,"upper_bound":658037.355052169},"point_estimate":575007.9473295709,"standard_error":43649.34974678127}}