{"mean":{"confidence_interval":{"confidence_level":0.95,"lower_bound":29471251.25975,"upper_bound":30079059.89},"point_estimate":29712041.075,"standard_error":161096.29118111465},"median":{"confidence_interval":{"confidence_level":0.95,"lower_bound":29450120.25,"upper_bound":29694269.75},"point_estimate":29578448.25,"standard_error":62354.91156065335},"median_abs_dev":{"confidence_interval":{"confidence_level":0.95,"lower_bound":428326.4682456851,"upper_bound":695122.1867591143},"point_estimate":558499.487234652,"standard_error":66817.9865955296},"slope":null,"std_dev":{"confidence_interval":{"confidence_level":0.95,"lower_bound":536670.5573772577,"upper_bound":2651680.460901633},"point_estimate":1618155.154198635,"standard_error":710463.0906399438}}