{"mean":{"confidence_interval":{"confidence_level":0.95,"lower_bound":32004659.317375,"upper_bound":32451437.801},"point_estimate":32220001.54,"standard_error":114142.28491528936},"median":{"confidence_interval":{"confidence_level":0.95,"lower_bound":31829488.5,"upper_bound":32467747.0},"point_estimate":32002623.75,"standard_error":177258.22356130645},"median_abs_dev":{"confidence_interval":{"confidence_level":0.95,"lower_bound":850355.5931031704,"upper_bound":1276068.6082452536},"point_estimate":1048620.3517332673,"standard_error":110746.88331493642},"slope":null,"std_dev":{"confidence_interval":{"confidence_level":0.95,"lower_bound":869176.7876242404,"upper_bound":1475908.40825922},"point_estimate":1149443.88678482,"standard_error":164131.44478001894}}