{"mean":{"confidence_interval":{"confidence_level":0.95,"lower_bound":47262968.5155,"upper_bound":48654131.419750005},"point_estimate":47912221.82,"standard_error":355950.04912372085},"median":{"confidence_interval":{"confidence_level":0.95,"lower_bound":46304201.0,"upper_bound":47964775.0},"point_estimate":46960860.5,"standard_error":414673.67793673265},"median_abs_dev":{"confidence_interval":{"confidence_level":0.95,"lower_bound":1931484.5438092947,"upper_bound":3434046.243533492},"point_estimate":2699037.6696825027,"standard_error":381753.22860929655},"slope":null,"std_dev":{"confidence_interval":{"confidence_level":0.95,"lower_bound":2454756.469670745,"upper_bound":4846397.117546968},"point_estimate":3572573.8989264276,"standard_error":672832.3246213739}}