{"mean":{"confidence_interval":{"confidence_level":0.95,"lower_bound":48210510.453375004,"upper_bound":48520210.235249996},"point_estimate":48358722.595,"standard_error":79190.5954260638},"median":{"confidence_interval":{"confidence_level":0.95,"lower_bound":47983347.5,"upper_bound":48222355.5},"point_estimate":48065196.5,"standard_error":57386.205148365145},"median_abs_dev":{"confidence_interval":{"confidence_level":0.95,"lower_bound":306824.8058527708,"upper_bound":556357.2507339342},"point_estimate":438437.05876618624,"standard_error":62631.74128491107},"slope":null,"std_dev":{"confidence_interval":{"confidence_level":0.95,"lower_bound":604990.5758809766,"upper_bound":957507.8474325245},"point_estimate":795858.1799541248,"standard_error":89923.7579460342}}