{"mean":{"confidence_interval":{"confidence_level":0.95,"lower_bound":10868154.853149999,"upper_bound":10908627.6103},"point_estimate":10888267.728,"standard_error":10326.72519008516},"median":{"confidence_interval":{"confidence_level":0.95,"lower_bound":10869814.2,"upper_bound":10906967.4},"point_estimate":10882425.2,"standard_error":10643.13827812375},"median_abs_dev":{"confidence_interval":{"confidence_level":0.95,"lower_bound":63045.78476071468,"upper_bound":105007.22248224968},"point_estimate":83685.50377428615,"standard_error":10414.56335443554},"slope":null,"std_dev":{"confidence_interval":{"confidence_level":0.95,"lower_bound":85453.6203089435,"upper_bound":120014.31198294394},"point_estimate":103658.19975429353,"standard_error":8853.66912760512}}