{"mean":{"confidence_interval":{"confidence_level":0.95,"lower_bound":8332700.564833331,"upper_bound":8369445.156583332},"point_estimate":8350756.176666666,"standard_error":9359.291994337995},"median":{"confidence_interval":{"confidence_level":0.95,"lower_bound":8325241.916666667,"upper_bound":8372217.666666666},"point_estimate":8345867.25,"standard_error":12463.832750461906},"median_abs_dev":{"confidence_interval":{"confidence_level":0.95,"lower_bound":65914.48289353448,"upper_bound":100756.26179996923},"point_estimate":86757.92040973948,"standard_error":9045.280352630987},"slope":null,"std_dev":{"confidence_interval":{"confidence_level":0.95,"lower_bound":76387.02020793718,"upper_bound":111454.17594569824},"point_estimate":94012.53394185397,"standard_error":8989.821187704523}}