{"mean":{"confidence_interval":{"confidence_level":0.95,"lower_bound":11206.322870608767,"upper_bound":11214.492743330124},"point_estimate":11210.089771621551,"standard_error":2.0912882709967717},"median":{"confidence_interval":{"confidence_level":0.95,"lower_bound":11203.214453318895,"upper_bound":11212.000459247369},"point_estimate":11207.710093176212,"standard_error":2.409116792602585},"median_abs_dev":{"confidence_interval":{"confidence_level":0.95,"lower_bound":13.386604887664499,"upper_bound":19.92349166749594},"point_estimate":16.9024455343963,"standard_error":1.7064304370644554},"slope":{"confidence_interval":{"confidence_level":0.95,"lower_bound":11202.519648343994,"upper_bound":11208.429229927935},"point_estimate":11205.324155925235,"standard_error":1.505729684161308},"std_dev":{"confidence_interval":{"confidence_level":0.95,"lower_bound":13.755324432246251,"upper_bound":29.49824873835013},"point_estimate":21.01125812886432,"standard_error":4.644006439600376}}