{"mean":{"confidence_interval":{"confidence_level":0.95,"lower_bound":5993299.681972221,"upper_bound":6024220.579361107},"point_estimate":6008843.132222224,"standard_error":7891.552569032845},"median":{"confidence_interval":{"confidence_level":0.95,"lower_bound":6001927.277777778,"upper_bound":6040005.555555556},"point_estimate":6020494.166666666,"standard_error":10003.583096627868},"median_abs_dev":{"confidence_interval":{"confidence_level":0.95,"lower_bound":55417.11601614906,"upper_bound":98635.68773220082},"point_estimate":73537.94709443954,"standard_error":10922.606220822201},"slope":null,"std_dev":{"confidence_interval":{"confidence_level":0.95,"lower_bound":69569.06737072613,"upper_bound":88105.9530251627},"point_estimate":79468.49951028978,"standard_error":4733.173038929038}}