{"mean":{"confidence_interval":{"confidence_level":0.95,"lower_bound":6980534.22509375,"upper_bound":7000912.04759375},"point_estimate":6990660.55625,"standard_error":5195.081189476638},"median":{"confidence_interval":{"confidence_level":0.95,"lower_bound":6978194.9375,"upper_bound":7001714.25},"point_estimate":6989389.125,"standard_error":6401.073076931685},"median_abs_dev":{"confidence_interval":{"confidence_level":0.95,"lower_bound":37269.13482584059,"upper_bound":59721.35083973408},"point_estimate":47175.4971999675,"standard_error":5805.681294879609},"slope":null,"std_dev":{"confidence_interval":{"confidence_level":0.95,"lower_bound":43848.74288039253,"upper_bound":60235.52176938477},"point_estimate":52346.12767615433,"standard_error":4200.798949432702}}