{"mean":{"confidence_interval":{"confidence_level":0.95,"lower_bound":960400335.4434999,"upper_bound":962251301.3644999},"point_estimate":961326510.11,"standard_error":472088.48829465476},"median":{"confidence_interval":{"confidence_level":0.95,"lower_bound":959603772.0,"upper_bound":962758084.0},"point_estimate":961011078.0,"standard_error":788578.9132768376},"median_abs_dev":{"confidence_interval":{"confidence_level":0.95,"lower_bound":4057945.6618970637,"upper_bound":6219770.051077008},"point_estimate":5370026.771762967,"standard_error":545984.1776303165},"slope":null,"std_dev":{"confidence_interval":{"confidence_level":0.95,"lower_bound":4149441.6067214585,"upper_bound":5315827.860632691},"point_estimate":4757400.114950877,"standard_error":298621.1459784114}}