{"mean":{"confidence_interval":{"confidence_level":0.95,"lower_bound":1304489627.77375,"upper_bound":1307564542.38425},"point_estimate":1305998839.83,"standard_error":787406.3282010278},"median":{"confidence_interval":{"confidence_level":0.95,"lower_bound":1303745467.0,"upper_bound":1306323644.0},"point_estimate":1304771610.5,"standard_error":682690.4954276801},"median_abs_dev":{"confidence_interval":{"confidence_level":0.95,"lower_bound":4373659.710944518,"upper_bound":8048984.848701954},"point_estimate":5893514.289969206,"standard_error":954764.5711541328},"slope":null,"std_dev":{"confidence_interval":{"confidence_level":0.95,"lower_bound":6638223.933212105,"upper_bound":8985005.57374429},"point_estimate":7881448.427300287,"standard_error":599989.8671397317}}